STATION,STATION_NAME,ELEVATION,LATITUDE,LONGITUDE,DATE,DLY-PRCP-25PCTL,Completeness Flag,DLY-SNOW-25PCTL,Completeness Flag,DLY-PRCP-50PCTL,Completeness Flag,DLY-SNOW-50PCTL,Completeness Flag,DLY-PRCP-75PCTL,Completeness Flag,DLY-SNOW-75PCTL,Completeness Flag,MTD-PRCP-NORMAL,Completeness Flag,MTD-SNOW-NORMAL,Completeness Flag,YTD-PRCP-NORMAL,Completeness Flag,YTD-SNOW-NORMAL,Completeness Flag,DLY-PRCP-PCTALL-GE001HI,Completeness Flag,DLY-PRCP-PCTALL-GE010HI,Completeness Flag,DLY-PRCP-PCTALL-GE050HI,Completeness Flag,DLY-PRCP-PCTALL-GE100HI,Completeness Flag,DLY-SNOW-PCTALL-GE001TI,Completeness Flag,DLY-SNOW-PCTALL-GE010TI,Completeness Flag,DLY-SNOW-PCTALL-GE100TI,Completeness Flag,DLY-SNOW-PCTALL-GE030TI,Completeness Flag,DLY-SNOW-PCTALL-GE050TI,Completeness Flag
GHCND:USC00050909,BRECKENRIDGE CO US,2920,39.4861,-106.043,20100101,0.03,C,0.9,C,0.07,C,1.5,C,0.18,C,3.0,C,0.04,R,0.7,S,0.04,R,0.7,S,351,C,152,C,11,C,-9999, ,351,C,263,C,1,C,90,C,32,C
GHCND:USC00050909,BRECKENRIDGE CO US,2920,39.4861,-106.043,20100102,0.03,C,0.9,C,0.07,C,1.5,C,0.18,C,2.9,C,0.09,R,1.5,S,0.09,R,1.5,S,352,C,152,C,11,C,-9999, ,351,C,263,C,1,C,90,C,31,C
GHCND:USC00050909,BRECKENRIDGE CO US,2920,39.4861,-106.043,20100103,0.03,C,0.9,C,0.07,C,1.5,C,0.18,C,2.9,C,0.13,R,2.2,S,0.13,R,2.2,S,352,C,152,C,11,C,-9999, ,352,C,264,C,1,C,90,C,30,C
GHCND:USC00050909,BRECKENRIDGE CO US,2920,39.4861,-106.043,20100104,0.03,C,0.9,C,0.07,C,1.5,C,0.18,C,2.9,C,0.17,R,3.0,S,0.17,R,3.0,S,352,C,151,C,11,C,-9999, ,352,C,265,C,1,C,90,C,30,C
GHCND:USC00050909,BRECKENRIDGE CO US,2920,39.4861,-106.043,20100105,0.03,C,0.9,C,0.07,C,1.5,C,0.18,C,2.9,C,0.21,R,3.8,S,0.21,R,3.8,S,352,C,151,C,11,C,-9999, ,352,C,265,C,1,C,89,C,29,C
GHCND:USC00050909,BRECKENRIDGE CO US,2920,39.4861,-106.043,20100106,0.03,C,0.9,C,0.07,C,1.5,C,0.18,C,2.9,C,0.25,R,4.5,S,0.25,R,4.5,S,352,C,150,C,10,C,-9999, ,352,C,265,C,1,C,89,C,29,C
GHCND:USC00050909,BRECKENRIDGE CO US,2920,39.4861,-106.043,20100107,0.03,C,0.9,C,0.07,C,1.5,C,0.18,C,2.9,C,0.29,R,5.3,S,0.29,R,5.3,S,352,C,150,C,10,C,-9999, ,352,C,265,C,1,C,88,C,28,C
GHCND:USC00050909,BRECKENRIDGE CO US,2920,39.4861,-106.043,20100108,0.03,C,1.0,C,0.07,C,1.5,C,0.18,C,2.9,C,0.33,R,6.0,S,0.33,R,6.0,S,352,C,150,C,10,C,-9999, ,351,C,265,C,1,C,88,C,28,C
GHCND:USC00050909,BRECKENRIDGE CO US,2920,39.4861,-106.043,20100109,0.03,C,1.0,C,0.07,C,1.5,C,0.18,C,2.9,C,0.37,R,6.7,S,0.37,R,6.7,S,351,C,149,C,10,C,-9999, ,351,C,265,C,1,C,88,C,28,C
GHCND:USC00050909,BRECKENRIDGE CO US,2920,39.4861,-106.043,20100110,0.03,C,1.0,C,0.07,C,1.5,C,0.18,C,2.9,C,0.40,R,7.5,S,0.40,R,7.5,S,351,C,148,C,9,C,0,C,350,C,265,C,1,C,88,C,28,C
GHCND:USC00050909,BRECKENRIDGE CO US,2920,39.4861,-106.043,20100111,0.03,C,1.0,C,0.07,C,1.5,C,0.18,C,2.9,C,0.44,R,8.2,S,0.44,R,8.2,S,350,C,148,C,9,C,0,C,350,C,265,C,1,C,87,C,27,C
GHCND:USC00050909,BRECKENRIDGE CO US,2920,39.4861,-106.043,20100112,0.03,C,1.0,C,0.07,C,1.5,C,0.18,C,2.9,C,0.48,R,9.0,S,0.48,R,9.0,S,350,C,147,C,9,C,0,C,349,C,264,C,1,C,87,C,27,C
GHCND:USC00050909,BRECKENRIDGE CO US,2920,39.4861,-106.043,20100113,0.03,C,1.0,C,0.07,C,1.5,C,0.18,C,2.8,C,0.52,R,9.8,S,0.52,R,9.8,S,350,C,146,C,9,C,0,C,349,C,264,C,1,C,87,C,27,C
GHCND:USC00050909,BRECKENRIDGE CO US,2920,39.4861,-106.043,20100114,0.03,C,1.0,C,0.07,C,1.5,C,0.18,C,2.8,C,0.57,R,10.5,S,0.57,R,10.5,S,350,C,146,C,8,C,0,C,349,C,264,C,1,C,87,C,27,C
GHCND:USC00050909,BRECKENRIDGE CO US,2920,39.4861,-106.043,20100115,0.03,C,1.0,C,0.07,C,1.5,C,0.18,C,2.8,C,0.61,R,11.3,S,0.61,R,11.3,S,350,C,145,C,8,C,0,C,349,C,264,C,1,C,87,C,28,C
GHCND:USC00050909,BRECKENRIDGE CO US,2920,39.4861,-106.043,20100116,0.03,C,1.0,C,0.07,C,1.5,C,0.18,C,2.8,C,0.65,R,12.0,S,0.65,R,12.0,S,350,C,145,C,8,C,0,C,349,C,264,C,1,C,87,C,28,C
GHCND:USC00050909,BRECKENRIDGE CO US,2920,39.4861,-106.043,20100117,0.03,C,1.0,C,0.07,C,1.5,C,0.18,C,2.8,C,0.69,R,12.8,S,0.69,R,12.8,S,350,C,145,C,8,C,0,C,349,C,264,C,1,C,87,C,28,C
GHCND:USC00050909,BRECKENRIDGE CO US,2920,39.4861,-106.043,20100118,0.03,C,1.0,C,0.07,C,1.5,C,0.18,C,2.8,C,0.73,R,13.5,S,0.73,R,13.5,S,350,C,145,C,8,C,0,C,349,C,265,C,2,C,87,C,28,C
GHCND:USC00050909,BRECKENRIDGE CO US,2920,39.4861,-106.043,20100119,0.03,C,1.0,C,0.07,C,1.5,C,0.18,C,2.8,C,0.77,R,14.3,S,0.77,R,14.3,S,350,C,146,C,8,C,0,C,349,C,265,C,2,C,87,C,29,C
GHCND:USC00050909,BRECKENRIDGE CO US,2920,39.4861,-106.043,20100120,0.03,C,1.0,C,0.07,C,1.5,C,0.18,C,2.8,C,0.82,R,15.0,S,0.82,R,15.0,S,351,C,147,C,8,C,0,C,350,C,266,C,2,C,88,C,29,C
GHCND:USC00050909,BRECKENRIDGE CO US,2920,39.4861,-106.043,20100121,0.03,C,1.0,C,0.07,C,1.5,C,0.18,C,2.8,C,0.86,R,15.7,S,0.86,R,15.7,S,351,C,147,C,8,C,0,C,350,C,266,C,2,C,88,C,29,C
GHCND:USC00050909,BRECKENRIDGE CO US,2920,39.4861,-106.043,20100122,0.03,C,1.0,C,0.08,C,1.5,C,0.18,C,2.8,C,0.90,R,16.5,S,0.90,R,16.5,S,352,C,147,C,8,C,0,C,350,C,267,C,2,C,88,C,30,C
GHCND:USC00050909,BRECKENRIDGE CO US,2920,39.4861,-106.043,20100123,0.03,C,1.0,C,0.08,C,1.5,C,0.18,C,2.8,C,0.94,R,17.2,S,0.94,R,17.2,S,353,C,148,C,8,C,0,C,351,C,268,C,2,C,88,C,30,C
GHCND:USC00050909,BRECKENRIDGE CO US,2920,39.4861,-106.043,20100124,0.03,C,1.0,C,0.08,C,1.5,C,0.18,C,2.8,C,0.98,R,17.9,S,0.98,R,17.9,S,354,C,149,C,8,C,0,C,352,C,269,C,2,C,89,C,31,C
GHCND:USC00050909,BRECKENRIDGE CO US,2920,39.4861,-106.043,20100125,0.03,C,1.0,C,0.08,C,1.5,C,0.18,C,2.8,C,1.02,R,18.6,S,1.02,R,18.6,S,354,C,150,C,8,C,0,C,352,C,269,C,2,C,89,C,31,C
GHCND:USC00050909,BRECKENRIDGE CO US,2920,39.4861,-106.043,20100126,0.03,C,1.0,C,0.08,C,1.5,C,0.18,C,2.8,C,1.06,R,19.3,S,1.06,R,19.3,S,355,C,151,C,8,C,0,C,353,C,270,C,2,C,89,C,32,C
GHCND:USC00050909,BRECKENRIDGE CO US,2920,39.4861,-106.043,20100127,0.03,C,1.0,C,0.08,C,1.5,C,0.18,C,2.8,C,1.10,R,20.0,S,1.10,R,20.0,S,355,C,151,C,8,C,-9999, ,353,C,271,C,3,C,89,C,32,C
GHCND:USC00050909,BRECKENRIDGE CO US,2920,39.4861,-106.043,20100128,0.03,C,1.0,C,0.08,C,1.5,C,0.18,C,2.8,C,1.14,R,20.8,S,1.14,R,20.8,S,356,C,152,C,8,C,-9999, ,353,C,272,C,3,C,90,C,32,C
GHCND:USC00050909,BRECKENRIDGE CO US,2920,39.4861,-106.043,20100129,0.03,C,1.0,C,0.08,C,1.6,C,0.19,C,2.8,C,1.18,R,21.5,S,1.18,R,21.5,S,356,C,152,C,9,C,-9999, ,353,C,272,C,3,C,90,C,33,C
GHCND:USC00050909,BRECKENRIDGE CO US,2920,39.4861,-106.043,20100130,0.03,C,1.0,C,0.08,C,1.6,C,0.19,C,2.8,C,1.23,R,22.2,S,1.23,R,22.2,S,355,C,153,C,9,C,-9999, ,353,C,272,C,3,C,90,C,33,C
GHCND:USC00050909,BRECKENRIDGE CO US,2920,39.4861,-106.043,20100131,0.03,C,1.0,C,0.08,C,1.6,C,0.19,C,2.8,C,1.27,R,23.0,S,1.27,R,23.0,S,355,C,154,C,9,C,-9999, ,352,C,272,C,3,C,91,C,34,C
GHCND:USC00050909,BRECKENRIDGE CO US,2920,39.4861,-106.043,20100201,0.03,C,1.0,C,0.08,C,1.6,C,0.19,C,2.9,C,0.05,S,0.8,C,1.32,S,23.8,C,354,C,155,C,10,C,1,C,352,C,272,C,3,C,92,C,35,C
GHCND:USC00050909,BRECKENRIDGE CO US,2920,39.4861,-106.043,20100202,0.03,C,1.0,C,0.08,C,1.6,C,0.19,C,2.9,C,0.10,S,1.6,C,1.37,S,24.6,C,354,C,156,C,10,C,1,C,351,C,273,C,3,C,92,C,35,C
GHCND:USC00050909,BRECKENRIDGE CO US,2920,39.4861,-106.043,20100203,0.03,C,1.0,C,0.08,C,1.6,C,0.19,C,2.9,C,0.14,S,2.4,C,1.41,S,25.4,C,354,C,157,C,10,C,1,C,351,C,274,C,3,C,93,C,35,C
GHCND:USC00050909,BRECKENRIDGE CO US,2920,39.4861,-106.043,20100204,0.03,C,1.0,C,0.08,C,1.7,C,0.19,C,2.9,C,0.19,S,3.1,C,1.46,S,26.1,C,354,C,158,C,10,C,1,C,351,C,275,C,3,C,94,C,36,C
GHCND:USC00050909,BRECKENRIDGE CO US,2920,39.4861,-106.043,20100205,0.03,C,1.0,C,0.09,C,1.7,C,0.19,C,2.9,C,0.24,S,3.9,C,1.51,S,26.9,C,354,C,159,C,10,C,1,C,350,C,275,C,3,C,95,C,36,C
GHCND:USC00050909,BRECKENRIDGE CO US,2920,39.4861,-106.043,20100206,0.04,C,1.0,C,0.09,C,1.7,C,0.19,C,2.9,C,0.29,S,4.8,C,1.56,S,27.8,C,354,C,160,C,11,C,1,C,350,C,276,C,3,C,96,C,37,C
GHCND:USC00050909,BRECKENRIDGE CO US,2920,39.4861,-106.043,20100207,0.04,C,1.0,C,0.09,C,1.7,C,0.19,C,2.9,C,0.35,S,5.6,C,1.62,S,28.6,C,355,C,162,C,11,C,1,C,351,C,278,C,3,C,97,C,38,C
GHCND:USC00050909,BRECKENRIDGE CO US,2920,39.4861,-106.043,20100208,0.04,C,1.0,C,0.09,C,1.7,C,0.19,C,2.9,C,0.40,S,6.4,C,1.67,S,29.4,C,356,C,163,C,11,C,1,C,352,C,280,C,3,C,98,C,38,C
GHCND:USC00050909,BRECKENRIDGE CO US,2920,39.4861,-106.043,20100209,0.04,C,1.0,C,0.09,C,1.7,C,0.19,C,2.9,C,0.46,S,7.3,C,1.73,S,30.3,C,357,C,165,C,11,C,1,C,353,C,281,C,3,C,98,C,39,C
GHCND:USC00050909,BRECKENRIDGE CO US,2920,39.4861,-106.043,20100210,0.04,C,1.0,C,0.09,C,1.8,C,0.19,C,3.0,C,0.51,S,8.1,C,1.78,S,31.1,C,358,C,167,C,11,C,1,C,354,C,283,C,3,C,99,C,39,C
GHCND:USC00050909,BRECKENRIDGE CO US,2920,39.4861,-106.043,20100211,0.04,C,1.0,C,0.09,C,1.8,C,0.20,C,3.0,C,0.56,S,9.0,C,1.83,S,32.0,C,360,C,169,C,11,C,1,C,355,C,285,C,3,C,100,C,40,C
GHCND:USC00050909,BRECKENRIDGE CO US,2920,39.4861,-106.043,20100212,0.04,C,1.0,C,0.09,C,1.8,C,0.20,C,3.0,C,0.62,S,9.8,C,1.89,S,32.8,C,361,C,170,C,12,C,1,C,356,C,286,C,3,C,101,C,40,C
GHCND:USC00050909,BRECKENRIDGE CO US,2920,39.4861,-106.043,20100213,0.04,C,1.0,C,0.09,C,1.8,C,0.20,C,3.0,C,0.67,S,10.6,C,1.94,S,33.6,C,362,C,172,C,12,C,1,C,357,C,288,C,3,C,102,C,40,C
GHCND:USC00050909,BRECKENRIDGE CO US,2920,39.4861,-106.043,20100214,0.04,C,1.0,C,0.09,C,1.8,C,0.20,C,3.0,C,0.72,S,11.5,C,1.99,S,34.5,C,364,C,174,C,12,C,1,C,358,C,290,C,3,C,102,C,41,C
GHCND:USC00050909,BRECKENRIDGE CO US,2920,39.4861,-106.043,20100215,0.04,C,1.0,C,0.09,C,1.8,C,0.20,C,3.0,C,0.78,S,12.3,C,2.05,S,35.3,C,365,C,175,C,12,C,1,C,359,C,291,C,3,C,103,C,41,C
GHCND:USC00050909,BRECKENRIDGE CO US,2920,39.4861,-106.043,20100216,0.04,C,1.0,C,0.09,C,1.8,C,0.20,C,3.0,C,0.83,S,13.1,C,2.10,S,36.1,C,366,C,176,C,12,C,1,C,360,C,292,C,3,C,103,C,41,C
GHCND:USC00050909,BRECKENRIDGE CO US,2920,39.4861,-106.043,20100217,0.04,C,1.0,C,0.09,C,1.8,C,0.20,C,3.0,C,0.88,S,14.0,C,2.15,S,37.0,C,367,C,177,C,12,C,1,C,361,C,293,C,3,C,103,C,41,C
GHCND:USC00050909,BRECKENRIDGE CO US,2920,39.4861,-106.043,20100218,0.04,C,1.0,C,0.09,C,1.8,C,0.20,C,3.0,C,0.94,S,14.8,C,2.21,S,37.8,C,368,C,178,C,12,C,1,C,361,C,294,C,3,C,103,C,42,C
GHCND:USC00050909,BRECKENRIDGE CO US,2920,39.4861,-106.043,20100219,0.04,C,1.0,C,0.09,C,1.8,C,0.20,C,3.0,C,0.99,S,15.6,C,2.26,S,38.6,C,368,C,178,C,12,C,1,C,362,C,294,C,3,C,103,C,42,C
GHCND:USC00050909,BRECKENRIDGE CO US,2920,39.4861,-106.043,20100220,0.04,C,1.0,C,0.09,C,1.8,C,0.20,C,3.0,C,1.05,S,16.5,C,2.32,S,39.5,C,369,C,179,C,12,C,1,C,362,C,295,C,3,C,103,C,42,C
GHCND:USC00050909,BRECKENRIDGE CO US,2920,39.4861,-106.043,20100221,0.04,C,1.0,C,0.09,C,1.8,C,0.20,C,3.0,C,1.10,S,17.3,C,2.37,S,40.3,C,370,C,180,C,12,C,1,C,362,C,295,C,3,C,103,C,42,C
GHCND:USC00050909,BRECKENRIDGE CO US,2920,39.4861,-106.043,20100222,0.04,C,1.0,C,0.09,C,1.8,C,0.20,C,3.0,C,1.16,S,18.2,C,2.43,S,41.2,C,370,C,180,C,12,C,1,C,362,C,295,C,3,C,102,C,42,C
GHCND:USC00050909,BRECKENRIDGE CO US,2920,39.4861,-106.043,20100223,0.04,S,1.0,C,0.09,S,1.8,C,0.20,S,3.0,C,1.21,S,19.1,C,2.48,S,42.1,C,369,S,180,S,12,S,1,S,362,C,295,C,3,C,102,C,42,C
GHCND:USC00050909,BRECKENRIDGE CO US,2920,39.4861,-106.043,20100224,0.04,S,1.0,S,0.09,S,1.8,S,0.20,S,3.0,S,1.27,S,20.0,C,2.54,S,43.0,C,369,S,180,S,12,S,1,S,361,S,294,S,2,S,101,S,42,S
GHCND:USC00050909,BRECKENRIDGE CO US,2920,39.4861,-106.043,20100225,0.04,S,1.0,S,0.09,S,1.8,S,0.20,S,3.0,S,1.32,S,20.8,C,2.59,S,43.8,C,369,S,180,S,12,S,1,S,360,S,294,S,2,S,101,S,42,S
GHCND:USC00050909,BRECKENRIDGE CO US,2920,39.4861,-106.043,20100226,0.04,S,1.0,S,0.09,S,1.8,S,0.20,S,3.0,S,1.38,S,21.7,C,2.65,S,44.7,C,369,S,180,S,12,S,1,S,360,S,294,S,2,S,100,S,42,S
GHCND:USC00050909,BRECKENRIDGE CO US,2920,39.4861,-106.043,20100227,0.04,S,1.0,S,0.09,S,1.8,S,0.20,S,3.0,S,1.43,S,22.5,C,2.70,S,45.5,C,369,S,180,S,12,S,1,S,360,S,294,S,2,S,99,S,42,S
GHCND:USC00050909,BRECKENRIDGE CO US,2920,39.4861,-106.043,20100228,0.04,S,1.0,S,0.09,S,1.7,S,0.20,S,3.0,S,1.49,S,23.4,C,2.76,S,46.4,C,370,S,180,S,12,S,1,S,360,S,294,S,2,S,99,S,42,S
GHCND:USC00050909,BRECKENRIDGE CO US,2920,39.4861,-106.043,20100301,0.04,S,1.0,S,0.09,S,1.7,S,0.20,S,3.0,S,0.06,S,0.9,S,2.82,S,47.3,S,372,S,180,S,12,S,1,S,362,S,295,S,2,S,98,S,42,S
GHCND:USC00050909,BRECKENRIDGE CO US,2920,39.4861,-106.043,20100302,0.04,S,1.0,S,0.09,S,1.7,S,0.20,S,3.0,S,0.11,S,1.7,S,2.87,S,48.1,S,373,S,180,S,12,S,1,S,363,S,296,S,2,S,98,S,42,S
GHCND:USC00050909,BRECKENRIDGE CO US,2920,39.4861,-106.043,20100303,0.04,S,1.0,S,0.09,S,1.7,S,0.20,S,3.0,S,0.17,S,2.5,S,2.93,S,48.9,S,374,S,181,S,12,S,1,S,364,S,296,S,2,S,98,S,43,S
GHCND:USC00050909,BRECKENRIDGE CO US,2920,39.4861,-106.043,20100304,0.04,S,1.0,S,0.09,S,1.7,S,0.20,S,3.0,S,0.22,S,3.3,S,2.98,S,49.7,S,375,S,181,S,12,S,1,S,365,S,296,S,2,S,98,S,43,S
GHCND:USC00050909,BRECKENRIDGE CO US,2920,39.4861,-106.043,20100305,0.04,S,1.0,S,0.09,S,1.6,S,0.20,S,3.0,S,0.28,S,4.2,S,3.04,S,50.6,S,376,S,181,S,13,S,1,S,366,S,296,S,2,S,97,S,43,S
GHCND:USC00050909,BRECKENRIDGE CO US,2920,39.4861,-106.043,20100306,0.04,S,1.0,S,0.09,S,1.6,S,0.20,S,3.0,S,0.34,S,5.0,S,3.10,S,51.4,S,378,S,181,S,13,S,1,S,367,S,296,S,2,S,97,S,43,S
GHCND:USC00050909,BRECKENRIDGE CO US,2920,39.4861,-106.043,20100307,0.04,S,1.0,S,0.09,S,1.6,S,0.20,S,3.0,S,0.39,S,5.8,S,3.15,S,52.2,S,379,S,181,S,13,S,1,S,368,S,296,S,2,S,97,S,43,S
GHCND:USC00050909,BRECKENRIDGE CO US,2920,39.4861,-106.043,20100308,0.04,S,1.0,S,0.09,S,1.6,S,0.20,S,3.0,S,0.45,S,6.6,S,3.21,S,53.0,S,379,S,182,S,13,S,1,S,368,S,296,S,2,S,97,S,43,S
GHCND:USC00050909,BRECKENRIDGE CO US,2920,39.4861,-106.043,20100309,0.04,S,1.0,S,0.09,S,1.6,S,0.20,S,3.0,S,0.50,S,7.3,S,3.26,S,53.7,S,380,S,182,S,13,S,1,S,369,S,296,S,2,S,97,S,43,S
GHCND:USC00050909,BRECKENRIDGE CO US,2920,39.4861,-106.043,20100310,0.04,S,1.0,S,0.09,S,1.6,S,0.20,S,3.0,S,0.55,S,8.1,S,3.31,S,54.5,S,381,S,182,S,13,S,1,S,369,S,296,S,2,S,97,S,44,S
GHCND:USC00050909,BRECKENRIDGE CO US,2920,39.4861,-106.043,20100311,0.04,S,1.0,S,0.09,S,1.5,S,0.21,S,3.0,S,0.60,S,8.9,S,3.36,S,55.3,S,381,S,183,S,14,S,1,S,369,S,296,S,2,S,97,S,44,S
GHCND:USC00050909,BRECKENRIDGE CO US,2920,39.4861,-106.043,20100312,0.04,S,1.0,S,0.09,S,1.5,S,0.21,S,3.0,S,0.66,S,9.7,S,3.42,S,56.1,S,382,S,183,S,14,S,1,S,369,S,295,S,2,S,97,S,44,S
GHCND:USC00050909,BRECKENRIDGE CO US,2920,39.4861,-106.043,20100313,0.04,S,1.0,S,0.09,S,1.5,S,0.21,S,3.0,S,0.71,S,10.5,S,3.47,S,56.9,S,382,S,183,S,14,S,1,S,369,S,295,S,2,S,97,S,44,S
GHCND:USC00050909,BRECKENRIDGE CO US,2920,39.4861,-106.043,20100314,0.04,S,1.0,S,0.09,S,1.5,S,0.21,S,3.0,S,0.77,S,11.3,S,3.53,S,57.7,S,383,S,184,S,15,S,1,S,370,S,295,S,2,S,98,S,44,S
GHCND:USC00050909,BRECKENRIDGE CO US,2920,39.4861,-106.043,20100315,0.04,S,1.0,S,0.09,S,1.5,S,0.21,S,3.0,S,0.82,S,12.1,S,3.58,S,58.5,S,383,S,185,S,15,S,1,S,370,S,295,S,2,S,98,S,44,S
GHCND:USC00050909,BRECKENRIDGE CO US,2920,39.4861,-106.043,20100316,0.04,S,1.0,S,0.09,S,1.5,S,0.21,S,3.0,S,0.88,S,12.9,S,3.64,S,59.3,S,383,S,186,S,15,S,2,S,370,S,295,S,2,S,98,S,44,S
GHCND:USC00050909,BRECKENRIDGE CO US,2920,39.4861,-106.043,20100317,0.04,S,1.0,S,0.09,S,1.5,S,0.21,S,3.0,S,0.94,S,13.8,S,3.70,S,60.2,S,384,S,186,S,15,S,2,S,370,S,295,S,2,S,99,S,44,S
GHCND:USC00050909,BRECKENRIDGE CO US,2920,39.4861,-106.043,20100318,0.04,S,1.0,S,0.09,S,1.5,S,0.21,S,3.0,S,1.00,S,14.6,S,3.76,S,61.0,S,384,S,187,S,15,S,2,S,370,S,295,S,2,S,99,S,44,S
GHCND:USC00050909,BRECKENRIDGE CO US,2920,39.4861,-106.043,20100319,0.04,S,1.0,S,0.09,S,1.5,S,0.21,S,3.0,S,1.06,S,15.4,S,3.82,S,61.8,S,385,S,188,S,16,S,2,S,370,S,295,S,2,S,100,S,44,S
GHCND:USC00050909,BRECKENRIDGE CO US,2920,39.4861,-106.043,20100320,0.04,S,1.0,S,0.09,S,1.5,S,0.21,S,3.0,S,1.12,S,16.3,S,3.88,S,62.7,S,384,S,189,S,16,S,2,S,370,S,294,S,2,S,100,S,44,S
GHCND:USC00050909,BRECKENRIDGE CO US,2920,39.4861,-106.043,20100321,0.04,S,1.0,S,0.09,S,1.5,S,0.21,S,3.0,S,1.18,S,17.2,S,3.94,S,63.6,S,385,S,189,S,16,S,2,S,370,S,294,S,2,S,101,S,44,S
GHCND:USC00050909,BRECKENRIDGE CO US,2920,39.4861,-106.043,20100322,0.04,S,1.0,S,0.10,S,1.5,S,0.21,S,3.0,S,1.24,S,18.0,S,4.00,S,64.4,S,385,S,191,S,16,S,2,S,371,S,294,S,2,S,102,S,44,S
GHCND:USC00050909,BRECKENRIDGE CO US,2920,39.4861,-106.043,20100323,0.04,S,1.0,S,0.10,S,1.5,S,0.21,S,3.0,S,1.31,S,18.9,S,4.07,S,65.3,S,386,S,192,S,17,S,2,S,371,S,294,S,2,S,102,S,44,S
GHCND:USC00050909,BRECKENRIDGE CO US,2920,39.4861,-106.043,20100324,0.04,S,1.0,S,0.10,S,1.5,S,0.22,S,3.0,S,1.37,S,19.8,S,4.13,S,66.2,S,387,S,193,S,17,S,2,S,372,S,295,S,2,S,103,S,44,S
GHCND:USC00050909,BRECKENRIDGE CO US,2920,39.4861,-106.043,20100325,0.04,S,1.0,S,0.10,S,1.5,S,0.22,S,3.0,S,1.43,S,20.6,S,4.19,S,67.0,S,388,S,195,S,17,S,2,S,373,S,295,S,3,S,103,S,44,S
GHCND:USC00050909,BRECKENRIDGE CO US,2920,39.4861,-106.043,20100326,0.05,S,1.0,S,0.10,S,1.6,S,0.22,S,3.0,S,1.49,S,21.5,S,4.25,S,67.9,S,389,S,196,S,18,S,2,S,373,S,295,S,3,S,104,S,44,S
GHCND:USC00050909,BRECKENRIDGE CO US,2920,39.4861,-106.043,20100327,0.05,S,1.0,S,0.10,S,1.6,S,0.22,S,3.0,S,1.56,S,22.4,S,4.32,S,68.8,S,390,S,198,S,18,S,2,S,374,S,295,S,3,S,105,S,44,S
GHCND:USC00050909,BRECKENRIDGE CO US,2920,39.4861,-106.043,20100328,0.05,S,1.0,S,0.10,S,1.6,S,0.22,S,3.0,S,1.62,S,23.3,S,4.38,S,69.7,S,390,S,199,S,19,S,2,S,373,S,294,S,3,S,105,S,44,S
GHCND:USC00050909,BRECKENRIDGE CO US,2920,39.4861,-106.043,20100329,0.05,S,1.0,S,0.10,S,1.6,S,0.22,S,3.0,S,1.69,S,24.2,S,4.45,S,70.6,S,391,S,201,S,19,S,2,S,373,S,294,S,4,S,106,S,44,S
GHCND:USC00050909,BRECKENRIDGE CO US,2920,39.4861,-106.043,20100330,0.05,S,1.0,S,0.10,S,1.6,S,0.22,S,3.0,S,1.76,S,25.1,S,4.52,S,71.5,S,391,S,202,S,20,S,2,S,373,S,293,S,4,S,106,S,44,S
GHCND:USC00050909,BRECKENRIDGE CO US,2920,39.4861,-106.043,20100331,0.05,S,1.0,S,0.10,S,1.6,S,0.22,S,3.0,S,1.82,S,26.0,S,4.58,S,72.4,S,391,S,203,S,20,S,2,S,372,S,292,S,4,S,106,S,44,S
GHCND:USC00050909,BRECKENRIDGE CO US,2920,39.4861,-106.043,20100401,0.05,S,1.0,S,0.10,S,1.6,S,0.22,S,3.0,S,0.07,S,0.9,S,4.65,S,73.3,S,391,S,205,S,20,S,2,S,371,S,291,S,4,S,107,S,44,S
GHCND:USC00050909,BRECKENRIDGE CO US,2920,39.4861,-106.043,20100402,0.05,S,1.0,S,0.10,S,1.6,S,0.22,S,3.0,S,0.13,S,1.9,S,4.71,S,74.3,S,391,S,206,S,21,S,2,S,370,S,290,S,5,S,107,S,44,S
GHCND:USC00050909,BRECKENRIDGE CO US,2920,39.4861,-106.043,20100403,0.05,S,1.0,S,0.10,S,1.6,S,0.22,S,3.0,S,0.20,S,2.8,S,4.78,S,75.2,S,391,S,207,S,21,S,3,S,369,S,289,S,5,S,107,S,44,S
GHCND:USC00050909,BRECKENRIDGE CO US,2920,39.4861,-106.043,20100404,0.05,S,1.0,S,0.11,S,1.6,S,0.22,S,3.0,S,0.26,S,3.7,S,4.84,S,76.1,S,390,S,209,S,21,S,3,S,368,S,288,S,5,S,107,S,44,S
GHCND:USC00050909,BRECKENRIDGE CO US,2920,39.4861,-106.043,20100405,0.05,S,1.0,S,0.11,S,1.7,S,0.22,S,3.0,S,0.33,S,4.7,S,4.91,S,77.1,S,390,S,210,S,22,S,3,S,367,S,286,S,5,S,107,S,44,S
GHCND:USC00050909,BRECKENRIDGE CO US,2920,39.4861,-106.043,20100406,0.05,S,1.0,S,0.11,S,1.7,S,0.22,S,3.0,S,0.40,S,5.6,S,4.98,S,78.0,S,390,S,211,S,22,S,3,S,366,S,285,S,6,S,107,S,43,S
GHCND:USC00050909,BRECKENRIDGE CO US,2920,39.4861,-106.043,20100407,0.05,S,1.0,S,0.11,S,1.7,S,0.22,S,3.0,S,0.46,S,6.6,S,5.04,S,79.0,S,390,S,212,S,23,S,3,S,364,S,284,S,6,S,106,S,43,S
GHCND:USC00050909,BRECKENRIDGE CO US,2920,39.4861,-106.043,20100408,0.05,S,1.0,S,0.11,S,1.7,S,0.22,S,3.0,S,0.53,S,7.5,S,5.11,S,79.9,S,389,S,213,S,23,S,3,S,363,S,282,S,6,S,106,S,43,S
GHCND:USC00050909,BRECKENRIDGE CO US,2920,39.4861,-106.043,20100409,0.05,S,1.0,S,0.11,S,1.7,S,0.22,S,3.0,S,0.60,S,8.5,S,5.18,S,80.9,S,389,S,214,S,24,S,3,S,361,S,281,S,6,S,106,S,43,S
GHCND:USC00050909,BRECKENRIDGE CO US,2920,39.4861,-106.043,20100410,0.05,S,1.0,S,0.11,S,1.7,S,0.22,S,3.0,S,0.68,S,9.5,S,5.26,S,81.9,S,388,S,215,S,24,S,3,S,360,S,279,S,6,S,106,S,43,S
GHCND:USC00050909,BRECKENRIDGE CO US,2920,39.4861,-106.043,20100411,0.05,S,1.0,S,0.11,S,1.7,S,0.22,S,3.0,S,0.75,S,10.5,S,5.33,S,82.9,S,388,S,216,S,24,S,3,S,358,S,277,S,7,S,106,S,43,S
GHCND:USC00050909,BRECKENRIDGE CO US,2920,39.4861,-106.043,20100412,0.05,S,1.0,S,0.11,S,1.7,S,0.22,S,3.0,S,0.82,S,11.5,S,5.40,S,83.9,S,387,S,216,S,25,S,3,S,356,S,275,S,7,S,105,S,43,S
GHCND:USC00050909,BRECKENRIDGE CO US,2920,39.4861,-106.043,20100413,0.05,S,1.0,S,0.11,S,1.7,S,0.22,S,3.0,S,0.89,S,12.4,S,5.47,S,84.8,S,386,S,217,S,25,S,3,S,353,S,272,S,7,S,104,S,42,S
GHCND:USC00050909,BRECKENRIDGE CO US,2920,39.4861,-106.043,20100414,0.05,S,1.0,S,0.11,S,1.7,S,0.23,S,3.0,S,0.97,S,13.4,S,5.55,S,85.8,S,385,S,217,S,25,S,3,S,351,S,270,S,7,S,104,S,42,S
GHCND:USC00050909,BRECKENRIDGE CO US,2920,39.4861,-106.043,20100415,0.05,S,1.0,S,0.12,S,1.7,S,0.23,S,3.0,S,1.04,S,14.3,S,5.62,S,86.7,S,385,S,218,S,25,S,3,S,348,S,267,S,7,S,103,S,42,S
GHCND:USC00050909,BRECKENRIDGE CO US,2920,39.4861,-106.043,20100416,0.05,S,1.0,S,0.12,S,1.7,S,0.23,S,3.0,S,1.11,S,15.3,S,5.69,S,87.7,S,384,S,219,S,25,S,3,S,346,S,265,S,7,S,103,S,42,S
GHCND:USC00050909,BRECKENRIDGE CO US,2920,39.4861,-106.043,20100417,0.05,S,1.0,S,0.12,S,1.7,S,0.23,S,3.0,S,1.18,S,16.2,S,5.76,S,88.6,S,384,S,219,S,26,S,3,S,344,S,263,S,7,S,102,S,42,S
GHCND:USC00050909,BRECKENRIDGE CO US,2920,39.4861,-106.043,20100418,0.05,S,1.0,S,0.12,S,1.7,S,0.23,S,3.0,S,1.25,S,17.1,S,5.83,S,89.5,S,384,S,220,S,26,S,3,S,342,S,261,S,7,S,101,S,42,S
GHCND:USC00050909,BRECKENRIDGE CO US,2920,39.4861,-106.043,20100419,0.05,S,1.0,S,0.12,S,1.7,S,0.23,S,3.0,S,1.32,S,18.0,S,5.90,S,90.4,S,383,S,221,S,26,S,3,S,339,S,258,S,8,S,101,S,42,S
GHCND:USC00050909,BRECKENRIDGE CO US,2920,39.4861,-106.043,20100420,0.05,S,1.0,S,0.12,S,1.7,S,0.23,S,3.0,S,1.39,S,18.9,S,5.97,S,91.3,S,383,S,221,S,26,S,3,S,336,S,255,S,8,S,100,S,41,S
GHCND:USC00050909,BRECKENRIDGE CO US,2920,39.4861,-106.043,20100421,0.05,S,1.0,S,0.12,S,1.7,S,0.23,S,3.0,S,1.46,S,19.8,S,6.04,S,92.2,S,382,S,221,S,26,S,3,S,332,S,252,S,8,S,99,S,41,S
GHCND:USC00050909,BRECKENRIDGE CO US,2920,39.4861,-106.043,20100422,0.05,S,1.0,S,0.12,S,1.7,S,0.23,S,3.0,S,1.53,S,20.7,S,6.11,S,93.1,S,381,S,221,S,26,S,3,S,328,S,249,S,8,S,98,S,41,S
GHCND:USC00050909,BRECKENRIDGE CO US,2920,39.4861,-106.043,20100423,0.05,S,1.0,S,0.12,S,1.7,S,0.23,S,3.0,S,1.61,S,21.6,S,6.19,S,94.0,S,380,S,221,S,26,S,3,S,324,S,246,S,8,S,97,S,40,S
GHCND:USC00050909,BRECKENRIDGE CO US,2920,39.4861,-106.043,20100424,0.05,S,1.0,S,0.12,S,1.7,S,0.23,S,3.0,S,1.68,S,22.5,S,6.26,S,94.9,S,378,S,221,S,26,S,3,S,319,S,242,S,7,S,95,S,40,S
GHCND:USC00050909,BRECKENRIDGE CO US,2920,39.4861,-106.043,20100425,0.05,S,0.9,S,0.12,S,1.7,S,0.24,S,3.0,S,1.75,S,23.3,S,6.33,S,95.7,S,377,S,220,S,26,S,3,S,314,S,238,S,7,S,94,S,39,S
GHCND:USC00050909,BRECKENRIDGE CO US,2920,39.4861,-106.043,20100426,0.05,S,0.9,S,0.12,S,1.7,S,0.24,S,3.0,S,1.82,S,24.1,S,6.40,S,96.5,S,375,S,219,S,25,S,3,S,309,S,234,S,7,S,92,S,38,S
GHCND:USC00050909,BRECKENRIDGE CO US,2920,39.4861,-106.043,20100427,0.05,S,0.9,S,0.12,S,1.6,S,0.24,S,3.0,S,1.88,S,24.9,S,6.46,S,97.3,S,373,S,218,S,25,S,3,S,304,S,230,S,7,S,90,S,37,S
GHCND:USC00050909,BRECKENRIDGE CO US,2920,39.4861,-106.043,20100428,0.05,S,0.9,S,0.12,S,1.6,S,0.24,S,3.0,S,1.95,S,25.7,S,6.53,S,98.1,S,371,S,217,S,25,S,3,S,298,S,226,S,6,S,88,S,36,S
GHCND:USC00050909,BRECKENRIDGE CO US,2920,39.4861,-106.043,20100429,0.05,S,0.9,S,0.12,S,1.6,S,0.24,S,3.0,S,2.02,S,26.4,S,6.60,S,98.8,S,369,S,216,S,25,S,3,S,293,S,221,S,6,S,86,S,35,S
GHCND:USC00050909,BRECKENRIDGE CO US,2920,39.4861,-106.043,20100430,0.05,S,0.9,S,0.12,S,1.6,S,0.24,S,3.0,S,2.09,S,27.2,S,6.67,S,99.6,S,367,S,215,S,24,S,3,S,287,S,217,S,6,S,84,S,34,S
GHCND:USC00050909,BRECKENRIDGE CO US,2920,39.4861,-106.043,20100501,0.05,S,0.9,S,0.12,S,1.6,S,0.24,S,3.0,S,0.06,S,0.6,S,6.73,S,100.2,S,365,S,214,S,24,S,3,S,280,S,212,S,-9999, ,82,S,33,S
GHCND:USC00050909,BRECKENRIDGE CO US,2920,39.4861,-106.043,20100502,0.05,S,0.9,S,0.12,S,1.6,S,0.24,S,3.0,S,0.13,S,1.3,S,6.80,S,100.9,S,362,S,213,S,24,S,3,S,273,S,206,S,-9999, ,80,S,32,S
GHCND:USC00050909,BRECKENRIDGE CO US,2920,39.4861,-106.043,20100503,0.05,S,0.9,S,0.12,S,1.6,S,0.24,S,3.0,S,0.19,S,1.9,S,6.86,S,101.5,S,360,S,212,S,23,S,3,S,267,S,201,S,-9999, ,78,S,31,S
GHCND:USC00050909,BRECKENRIDGE CO US,2920,39.4861,-106.043,20100504,0.05,S,0.9,S,0.12,S,1.5,S,0.24,S,3.0,S,0.25,S,2.4,S,6.92,S,102.0,S,358,S,210,S,23,S,3,S,259,S,195,S,-9999, ,75,S,30,S
GHCND:USC00050909,BRECKENRIDGE CO US,2920,39.4861,-106.043,20100505,0.05,S,0.9,S,0.12,S,1.5,S,0.24,S,3.0,S,0.31,S,3.0,S,6.98,S,102.6,S,356,S,209,S,23,S,3,S,252,S,189,S,-9999, ,73,S,29,S
GHCND:USC00050909,BRECKENRIDGE CO US,2920,39.4861,-106.043,20100506,0.05,S,0.9,S,0.12,S,1.5,S,0.24,S,3.0,S,0.37,S,3.5,S,7.04,S,103.1,S,353,S,207,S,22,S,3,S,244,S,183,S,-9999, ,71,S,28,S
GHCND:USC00050909,BRECKENRIDGE CO US,2920,39.4861,-106.043,20100507,0.05,S,0.9,S,0.12,S,1.5,S,0.24,S,3.0,S,0.43,S,4.0,S,7.10,S,103.6,S,351,S,205,S,22,S,3,S,237,S,177,S,-9999, ,68,S,27,S
GHCND:USC00050909,BRECKENRIDGE CO US,2920,39.4861,-106.043,20100508,0.05,S,0.9,S,0.12,S,1.5,S,0.24,S,2.9,S,0.49,S,4.5,S,7.16,S,104.1,S,348,S,203,S,22,S,3,S,229,S,171,S,-9999, ,65,S,26,S
GHCND:USC00050909,BRECKENRIDGE CO US,2920,39.4861,-106.043,20100509,0.05,S,0.9,S,0.12,S,1.4,S,0.24,S,2.9,S,0.54,S,4.9,S,7.21,S,104.5,S,345,S,202,S,21,S,3,S,221,S,165,S,-9999, ,62,S,25,S
GHCND:USC00050909,BRECKENRIDGE CO US,2920,39.4861,-106.043,20100510,0.05,S,0.8,S,0.12,S,1.4,S,0.24,S,2.9,S,0.59,S,5.3,S,7.26,S,104.9,S,343,S,200,S,21,S,3,S,214,S,159,S,-9999, ,60,S,24,S
GHCND:USC00050909,BRECKENRIDGE CO US,2920,39.4861,-106.043,20100511,0.05,S,0.9,S,0.12,S,1.4,S,0.24,S,2.9,S,0.65,S,5.7,S,7.32,S,105.3,S,341,S,198,S,21,S,3,S,206,S,153,S,-9999, ,57,S,23,S
GHCND:USC00050909,BRECKENRIDGE CO US,2920,39.4861,-106.043,20100512,0.05,S,0.9,S,0.12,S,1.4,S,0.24,S,2.9,S,0.71,S,6.1,S,7.38,S,105.7,S,338,S,197,S,21,S,3,S,198,S,147,S,-9999, ,55,S,22,S
GHCND:USC00050909,BRECKENRIDGE CO US,2920,39.4861,-106.043,20100513,0.05,S,0.9,S,0.12,S,1.4,S,0.24,S,2.9,S,0.76,S,6.4,S,7.43,S,106.0,S,336,S,195,S,20,S,3,S,190,S,141,S,-9999, ,53,S,21,S
GHCND:USC00050909,BRECKENRIDGE CO US,2920,39.4861,-106.043,20100514,0.05,S,0.9,S,0.12,S,1.4,S,0.24,S,2.9,S,0.82,S,6.8,S,7.49,S,106.4,S,333,S,193,S,20,S,3,S,182,S,135,S,-9999, ,50,S,20,S
GHCND:USC00050909,BRECKENRIDGE CO US,2920,39.4861,-106.043,20100515,0.05,S,0.9,S,0.12,S,1.4,S,0.24,S,2.9,S,0.87,S,7.0,S,7.54,S,106.6,S,331,S,191,S,20,S,4,S,174,S,129,S,-9999, ,47,S,19,S
GHCND:USC00050909,BRECKENRIDGE CO US,2920,39.4861,-106.043,20100516,0.05,S,0.9,S,0.12,S,1.4,S,0.24,S,2.9,S,0.93,S,7.3,S,7.60,S,106.9,S,328,S,189,S,20,S,4,S,165,S,122,S,-9999, ,45,S,18,S
GHCND:USC00050909,BRECKENRIDGE CO US,2920,39.4861,-106.043,20100517,0.05,S,0.9,S,0.12,S,1.4,S,0.24,S,2.9,S,0.98,S,7.6,S,7.65,S,107.2,S,326,S,187,S,19,S,4,S,157,S,116,S,-9999, ,42,S,17,S
GHCND:USC00050909,BRECKENRIDGE CO US,2920,39.4861,-106.043,20100518,0.05,S,0.8,S,0.12,S,1.4,S,0.24,S,2.9,S,1.04,S,7.8,S,7.71,S,107.4,S,323,S,185,S,19,S,4,S,150,S,110,S,-9999, ,40,S,16,S
GHCND:USC00050909,BRECKENRIDGE CO US,2920,39.4861,-106.043,20100519,0.05,S,0.8,S,0.12,S,1.4,S,0.24,S,2.9,S,1.09,S,8.1,S,7.76,S,107.7,S,321,S,183,S,19,S,4,S,142,S,104,S,-9999, ,37,S,15,S
GHCND:USC00050909,BRECKENRIDGE CO US,2920,39.4861,-106.043,20100520,0.05,S,0.8,S,0.12,S,1.4,S,0.24,S,2.9,S,1.14,S,8.3,S,7.81,S,107.9,S,319,S,182,S,19,S,4,S,135,S,99,S,-9999, ,35,S,14,S
GHCND:USC00050909,BRECKENRIDGE CO US,2920,39.4861,-106.043,20100521,0.05,S,0.8,S,0.12,S,1.3,S,0.24,S,2.9,S,1.20,S,8.5,S,7.87,S,108.1,S,316,S,180,S,19,S,4,S,128,S,93,S,-9999, ,33,S,13,S
GHCND:USC00050909,BRECKENRIDGE CO US,2920,39.4861,-106.043,20100522,0.05,S,0.8,S,0.12,S,1.3,S,0.24,S,2.8,S,1.25,S,8.7,S,7.92,S,108.3,S,314,S,178,S,19,S,4,S,122,S,88,S,-9999, ,30,S,12,S
GHCND:USC00050909,BRECKENRIDGE CO US,2920,39.4861,-106.043,20100523,0.05,S,0.8,S,0.12,S,1.3,S,0.24,S,2.8,S,1.30,S,8.8,S,7.97,S,108.4,S,312,S,177,S,19,S,4,S,115,S,83,S,-9999, ,28,S,11,S
GHCND:USC00050909,BRECKENRIDGE CO US,2920,39.4861,-106.043,20100524,0.05,S,0.8,S,0.12,S,1.3,S,0.24,S,2.8,S,1.36,S,9.0,S,8.03,S,108.6,S,310,S,176,S,19,S,4,S,109,S,78,S,-9999, ,26,S,11,S
GHCND:USC00050909,BRECKENRIDGE CO US,2920,39.4861,-106.043,20100525,0.05,S,-66.6,6,0.12,S,-66.6,6,0.24,S,-66.6,6,1.41,S,9.2,S,8.08,S,108.8,S,309,S,174,S,19,S,4,S,103,S,74,S,-9999, ,24,S,10,S
GHCND:USC00050909,BRECKENRIDGE CO US,2920,39.4861,-106.043,20100526,0.05,S,-66.6,6,0.12,S,-66.6,6,0.24,S,-66.6,6,1.47,S,9.4,S,8.14,S,109.0,S,307,S,173,S,19,S,4,S,98,S,70,S,-9999, ,23,S,9,S
GHCND:USC00050909,BRECKENRIDGE CO US,2920,39.4861,-106.043,20100527,0.05,S,-66.6,6,0.11,S,-66.6,6,0.24,S,-66.6,6,1.53,S,9.5,S,8.20,S,109.1,S,304,S,171,S,19,S,4,S,92,S,65,S,-9999, ,21,S,9,S
GHCND:USC00050909,BRECKENRIDGE CO US,2920,39.4861,-106.043,20100528,0.05,S,-66.6,6,0.11,S,-66.6,6,0.24,S,-66.6,6,1.58,S,9.6,S,8.25,S,109.2,S,302,S,170,S,19,S,4,S,87,S,61,S,-9999, ,20,S,8,S
GHCND:USC00050909,BRECKENRIDGE CO US,2920,39.4861,-106.043,20100529,0.05,S,-66.6,6,0.11,S,-66.6,6,0.24,S,-66.6,6,1.63,S,9.8,S,8.30,S,109.4,S,301,S,168,S,19,S,4,S,82,S,57,S,-9999, ,18,S,8,S
GHCND:USC00050909,BRECKENRIDGE CO US,2920,39.4861,-106.043,20100530,0.05,S,-66.6,6,0.11,S,-66.6,6,0.24,S,-66.6,6,1.69,S,9.9,S,8.36,S,109.5,S,299,S,167,S,19,S,4,S,77,S,54,S,-9999, ,17,S,7,S
GHCND:USC00050909,BRECKENRIDGE CO US,2920,39.4861,-106.043,20100531,0.05,S,-66.6,6,0.11,S,-66.6,6,0.24,S,-66.6,6,1.74,S,10.0,S,8.41,S,109.6,S,297,S,166,S,18,S,4,S,73,S,51,S,-9999, ,16,S,7,S
GHCND:USC00050909,BRECKENRIDGE CO US,2920,39.4861,-106.043,20100601,0.05,S,-66.6,6,0.11,S,-66.6,6,0.24,S,-66.6,6,0.05,S,0.1,S,8.46,S,109.7,S,296,S,164,S,18,S,4,S,69,S,48,S,1,S,15,S,6,S
GHCND:USC00050909,BRECKENRIDGE CO US,2920,39.4861,-106.043,20100602,0.05,S,-66.6,6,0.11,S,-66.6,6,0.24,S,-66.6,6,0.10,S,0.2,S,8.51,S,109.8,S,294,S,163,S,18,S,4,S,65,S,45,S,1,S,14,S,6,S
GHCND:USC00050909,BRECKENRIDGE CO US,2920,39.4861,-106.043,20100603,0.05,S,-66.6,6,0.11,S,-66.6,6,0.23,S,-66.6,6,0.15,S,0.3,S,8.56,S,109.9,S,293,S,161,S,18,S,4,S,61,S,42,S,1,S,13,S,5,S
GHCND:USC00050909,BRECKENRIDGE CO US,2920,39.4861,-106.043,20100604,0.05,S,-66.6,6,0.11,S,-66.6,6,0.23,S,-66.6,6,0.20,S,0.4,S,8.61,S,110.0,S,292,S,160,S,18,S,4,S,58,S,40,S,1,S,12,S,5,S
GHCND:USC00050909,BRECKENRIDGE CO US,2920,39.4861,-106.043,20100605,0.05,S,-66.6,6,0.11,S,-66.6,6,0.23,S,-66.6,6,0.26,S,0.5,S,8.67,S,110.1,S,290,S,159,S,18,S,4,S,55,S,37,S,1,S,11,S,5,S
GHCND:USC00050909,BRECKENRIDGE CO US,2920,39.4861,-106.043,20100606,0.05,C,-66.6,6,0.11,C,-66.6,6,0.23,C,-66.6,6,0.31,S,0.6,S,8.72,S,110.2,S,289,C,158,C,18,C,4,C,52,C,35,C,1,C,10,C,4,C
GHCND:USC00050909,BRECKENRIDGE CO US,2920,39.4861,-106.043,20100607,0.04,C,-66.6,6,0.11,C,-66.6,6,0.23,C,-66.6,6,0.36,S,0.6,S,8.77,S,110.2,S,288,C,156,C,18,C,4,C,49,C,33,C,1,C,10,C,4,C
GHCND:USC00050909,BRECKENRIDGE CO US,2920,39.4861,-106.043,20100608,0.04,C,-66.6,6,0.11,C,-66.6,6,0.23,C,-66.6,6,0.41,S,0.7,S,8.82,S,110.3,S,286,C,155,C,18,C,4,C,46,C,31,C,1,C,9,C,4,C
GHCND:USC00050909,BRECKENRIDGE CO US,2920,39.4861,-106.043,20100609,0.04,C,-66.6,6,0.11,C,-66.6,6,0.22,C,-66.6,6,0.45,S,0.8,S,8.86,S,110.4,S,286,C,154,C,18,C,4,C,43,C,29,C,1,C,8,C,3,C
GHCND:USC00050909,BRECKENRIDGE CO US,2920,39.4861,-106.043,20100610,0.04,C,-66.6,6,0.11,C,-66.6,6,0.22,C,-66.6,6,0.50,S,0.8,S,8.91,S,110.4,S,285,C,153,C,18,C,4,C,41,C,27,C,1,C,8,C,3,C
GHCND:USC00050909,BRECKENRIDGE CO US,2920,39.4861,-106.043,20100611,0.04,C,-66.6,6,0.10,C,-66.6,6,0.22,C,-66.6,6,0.54,S,0.9,S,8.95,S,110.5,S,285,C,152,C,18,C,4,C,38,C,26,C,1,C,7,C,3,C
GHCND:USC00050909,BRECKENRIDGE CO US,2920,39.4861,-106.043,20100612,0.04,C,-66.6,6,0.10,C,-66.6,6,0.22,C,-66.6,6,0.58,S,1.0,S,8.99,S,110.6,S,286,C,151,C,18,C,4,C,36,C,24,C,1,C,6,C,2,C
GHCND:USC00050909,BRECKENRIDGE CO US,2920,39.4861,-106.043,20100613,0.04,C,-66.6,6,0.10,C,-66.6,6,0.22,C,-66.6,6,0.62,S,1.0,S,9.03,S,110.6,S,286,C,151,C,18,C,4,C,35,C,23,C,1,C,6,C,2,C
GHCND:USC00050909,BRECKENRIDGE CO US,2920,39.4861,-106.043,20100614,0.04,C,-66.6,6,0.10,C,-66.6,6,0.22,C,-66.6,6,0.66,S,1.1,S,9.07,S,110.7,S,287,C,150,C,18,C,4,C,33,C,22,C,1,C,5,C,2,C
GHCND:USC00050909,BRECKENRIDGE CO US,2920,39.4861,-106.043,20100615,0.04,C,-66.6,6,0.10,C,-66.6,6,0.22,C,-66.6,6,0.71,S,1.1,S,9.12,S,110.7,S,287,C,150,C,18,C,4,C,31,C,20,C,1,C,5,C,2,C
GHCND:USC00050909,BRECKENRIDGE CO US,2920,39.4861,-106.043,20100616,0.04,C,-66.6,6,0.10,C,-66.6,6,0.22,C,-66.6,6,0.75,S,1.2,S,9.16,S,110.8,S,288,C,150,C,18,C,4,C,29,C,19,C,1,C,4,C,2,C
GHCND:USC00050909,BRECKENRIDGE CO US,2920,39.4861,-106.043,20100617,0.04,C,-66.6,6,0.10,C,-66.6,6,0.22,C,-66.6,6,0.79,S,1.2,S,9.20,S,110.8,S,288,C,150,C,18,C,4,C,27,C,18,C,1,C,4,C,1,C
GHCND:USC00050909,BRECKENRIDGE CO US,2920,39.4861,-106.043,20100618,0.04,C,-66.6,6,0.10,C,-66.6,6,0.22,C,-66.6,6,0.83,S,1.3,S,9.24,S,110.9,S,289,C,150,C,17,C,4,C,25,C,17,C,1,C,4,C,1,C
GHCND:USC00050909,BRECKENRIDGE CO US,2920,39.4861,-106.043,20100619,0.04,C,-66.6,6,0.10,C,-66.6,6,0.21,C,-66.6,6,0.87,S,1.3,S,9.28,S,110.9,S,291,C,150,C,17,C,4,C,23,C,16,C,1,C,3,C,1,C
GHCND:USC00050909,BRECKENRIDGE CO US,2920,39.4861,-106.043,20100620,0.04,C,-66.6,6,0.10,C,-66.6,6,0.21,C,-66.6,6,0.91,S,1.4,S,9.32,S,111.0,S,292,C,151,C,17,C,3,C,22,C,15,C,1,C,3,C,1,C
GHCND:USC00050909,BRECKENRIDGE CO US,2920,39.4861,-106.043,20100621,0.04,C,-66.6,6,0.10,C,-66.6,6,0.21,C,-66.6,6,0.95,S,1.4,S,9.36,S,111.0,S,295,C,151,C,17,C,3,C,20,C,13,C,1,C,3,C,1,C
GHCND:USC00050909,BRECKENRIDGE CO US,2920,39.4861,-106.043,20100622,0.04,C,-66.6,6,0.10,C,-66.6,6,0.21,C,-66.6,6,0.99,S,1.4,S,9.40,S,111.0,S,297,C,152,C,17,C,3,C,19,C,12,C,1,C,3,C,1,C
GHCND:USC00050909,BRECKENRIDGE CO US,2920,39.4861,-106.043,20100623,0.04,C,-66.6,6,0.10,C,-66.6,6,0.21,C,-66.6,6,1.03,S,1.4,S,9.44,S,111.0,S,299,C,153,C,17,C,3,C,17,C,11,C,0,C,2,C,1,C
GHCND:USC00050909,BRECKENRIDGE CO US,2920,39.4861,-106.043,20100624,0.04,C,-66.6,6,0.10,C,-66.6,6,0.21,C,-66.6,6,1.07,S,1.4,S,9.48,S,111.0,S,303,C,155,C,17,C,3,C,16,C,10,C,0,C,2,C,1,C
GHCND:USC00050909,BRECKENRIDGE CO US,2920,39.4861,-106.043,20100625,0.04,C,-66.6,6,0.10,C,-66.6,6,0.21,C,-66.6,6,1.11,S,1.5,S,9.52,S,111.1,S,307,C,157,C,17,C,3,C,15,C,10,C,0,C,2,C,1,C
GHCND:USC00050909,BRECKENRIDGE CO US,2920,39.4861,-106.043,20100626,0.04,C,-66.6,6,0.10,C,-66.6,6,0.21,C,-66.6,6,1.16,S,1.5,S,9.57,S,111.1,S,311,C,158,C,17,C,3,C,14,C,9,C,0,C,2,C,0,C
GHCND:USC00050909,BRECKENRIDGE CO US,2920,39.4861,-106.043,20100627,0.04,C,-66.6,6,0.10,C,-66.6,6,0.21,C,-66.6,6,1.20,S,1.5,S,9.61,S,111.1,S,315,C,160,C,17,C,3,C,13,C,8,C,0,C,2,C,0,C
GHCND:USC00050909,BRECKENRIDGE CO US,2920,39.4861,-106.043,20100628,0.04,C,-66.6,6,0.10,C,-66.6,6,0.22,C,-66.6,6,1.25,S,1.5,S,9.66,S,111.1,S,319,C,163,C,17,C,3,C,11,C,7,C,0,C,1,C,0,C
GHCND:USC00050909,BRECKENRIDGE CO US,2920,39.4861,-106.043,20100629,0.04,C,-66.6,6,0.10,C,-66.6,6,0.22,C,-66.6,6,1.29,S,1.5,S,9.70,S,111.1,S,324,C,165,C,17,C,3,C,10,C,7,C,0,C,1,C,0,C
GHCND:USC00050909,BRECKENRIDGE CO US,2920,39.4861,-106.043,20100630,0.04,C,-66.6,6,0.10,C,-66.6,6,0.22,C,-66.6,6,1.34,S,1.5,S,9.75,S,111.1,S,328,C,167,C,18,C,3,C,9,C,6,C,0,C,1,C,0,C
GHCND:USC00050909,BRECKENRIDGE CO US,2920,39.4861,-106.043,20100701,0.04,C,-66.6,6,0.10,C,-66.6,6,0.22,C,-66.6,6,0.05,S,0.0,S,9.80,S,111.1,S,332,C,169,C,18,C,3,C,9,C,6,C,0,C,-9999, ,0,C
GHCND:USC00050909,BRECKENRIDGE CO US,2920,39.4861,-106.043,20100702,0.04,C,-66.6,6,0.10,C,-66.6,6,0.22,C,-66.6,6,0.10,S,0.0,S,9.85,S,111.1,S,337,C,172,C,18,C,3,C,8,C,5,C,0,C,-9999, ,0,C
GHCND:USC00050909,BRECKENRIDGE CO US,2920,39.4861,-106.043,20100703,0.04,C,-66.6,6,0.10,C,-66.6,6,0.22,C,-66.6,6,0.16,S,0.0,S,9.91,S,111.1,S,342,C,175,C,18,C,3,C,7,C,5,C,0,C,-9999, ,0,C
GHCND:USC00050909,BRECKENRIDGE CO US,2920,39.4861,-106.043,20100704,0.04,C,-66.6,6,0.10,C,-66.6,6,0.23,C,-66.6,6,0.21,S,0.0,S,9.96,S,111.1,S,347,C,179,C,19,C,3,C,6,C,4,C,0,C,-9999, ,0,C
GHCND:USC00050909,BRECKENRIDGE CO US,2920,39.4861,-106.043,20100705,0.04,C,-66.6,6,0.10,C,-66.6,6,0.23,C,-66.6,6,0.27,S,0.0,S,10.02,S,111.1,S,353,C,182,C,19,C,3,C,6,C,4,C,0,C,0,C,0,C
GHCND:USC00050909,BRECKENRIDGE CO US,2920,39.4861,-106.043,20100706,0.04,C,-66.6,6,0.10,C,-66.6,6,0.23,C,-66.6,6,0.33,S,0.0,S,10.08,S,111.1,S,359,C,186,C,19,C,3,C,5,C,3,C,0,C,0,C,0,C
GHCND:USC00050909,BRECKENRIDGE CO US,2920,39.4861,-106.043,20100707,0.04,C,-66.6,6,0.10,C,-66.6,6,0.23,C,-66.6,6,0.39,S,0.0,S,10.14,S,111.1,S,365,C,190,C,20,C,3,C,4,C,3,C,0,C,0,C,0,C
GHCND:USC00050909,BRECKENRIDGE CO US,2920,39.4861,-106.043,20100708,0.04,C,-66.6,6,0.10,C,-66.6,6,0.23,C,-66.6,6,0.45,S,0.0,S,10.20,S,111.1,S,371,C,194,C,20,C,3,C,4,C,3,C,0,C,0,C,0,C
GHCND:USC00050909,BRECKENRIDGE CO US,2920,39.4861,-106.043,20100709,0.04,C,-66.6,6,0.10,C,-66.6,6,0.24,C,-66.6,6,0.51,S,0.0,S,10.26,S,111.1,S,376,C,197,C,20,C,2,C,3,C,2,C,0,C,0,C,0,C
GHCND:USC00050909,BRECKENRIDGE CO US,2920,39.4861,-106.043,20100710,0.04,C,-66.6,6,0.10,C,-66.6,6,0.24,C,-66.6,6,0.57,S,0.0,S,10.32,S,111.1,S,381,C,201,C,21,C,2,C,3,C,2,C,0,C,0,C,0,C
GHCND:USC00050909,BRECKENRIDGE CO US,2920,39.4861,-106.043,20100711,0.04,C,-66.6,6,0.10,C,-66.6,6,0.24,C,-66.6,6,0.64,S,0.0,S,10.39,S,111.1,S,386,C,204,C,21,C,2,C,3,C,2,C,0,C,0,C,0,C
GHCND:USC00050909,BRECKENRIDGE CO US,2920,39.4861,-106.043,20100712,0.04,C,-66.6,6,0.10,C,-66.6,6,0.24,C,-66.6,6,0.71,S,0.0,S,10.46,S,111.1,S,390,C,207,C,22,C,2,C,2,C,1,C,0,C,0,C,0,C
GHCND:USC00050909,BRECKENRIDGE CO US,2920,39.4861,-106.043,20100713,0.04,C,-66.6,6,0.10,C,-66.6,6,0.24,C,-66.6,6,0.77,S,0.0,S,10.52,S,111.1,S,395,C,210,C,22,C,2,C,2,C,1,C,0,C,0,C,0,C
GHCND:USC00050909,BRECKENRIDGE CO US,2920,39.4861,-106.043,20100714,0.04,C,-66.6,6,0.10,C,-66.6,6,0.24,C,-66.6,6,0.84,S,0.0,S,10.59,S,111.1,S,399,C,213,C,22,C,2,C,2,C,1,C,0,C,0,C,0,C
GHCND:USC00050909,BRECKENRIDGE CO US,2920,39.4861,-106.043,20100715,0.04,C,-66.6,6,0.10,C,-66.6,6,0.24,C,-66.6,6,0.92,S,0.0,S,10.67,S,111.1,S,404,C,217,C,22,C,2,C,2,C,1,C,0,C,0,C,0,C
GHCND:USC00050909,BRECKENRIDGE CO US,2920,39.4861,-106.043,20100716,0.04,C,-66.6,6,0.11,C,-66.6,6,0.24,C,-66.6,6,0.99,S,0.0,S,10.74,S,111.1,S,409,C,220,C,23,C,2,C,1,C,1,C,0,C,0,C,0,C
GHCND:USC00050909,BRECKENRIDGE CO US,2920,39.4861,-106.043,20100717,0.04,C,-66.6,6,0.11,C,-66.6,6,0.25,C,-66.6,6,1.07,S,0.0,S,10.82,S,111.1,S,414,C,223,C,23,C,2,C,1,C,1,C,0,C,0,C,0,C
GHCND:USC00050909,BRECKENRIDGE CO US,2920,39.4861,-106.043,20100718,0.04,C,-66.6,6,0.11,C,-66.6,6,0.25,C,-66.6,6,1.15,S,0.0,S,10.90,S,111.1,S,419,C,226,C,23,C,2,C,1,C,1,C,0,C,0,C,0,C
GHCND:USC00050909,BRECKENRIDGE CO US,2920,39.4861,-106.043,20100719,0.04,C,-66.6,6,0.11,C,-66.6,6,0.25,C,-66.6,6,1.22,S,0.0,S,10.97,S,111.1,S,423,C,229,C,24,C,2,C,1,C,1,C,0,C,0,C,0,C
GHCND:USC00050909,BRECKENRIDGE CO US,2920,39.4861,-106.043,20100720,0.04,C,-66.6,6,0.11,C,-66.6,6,0.25,C,-66.6,6,1.30,S,0.0,S,11.05,S,111.1,S,427,C,231,C,24,C,3,C,1,C,1,C,0,C,0,C,0,C
GHCND:USC00050909,BRECKENRIDGE CO US,2920,39.4861,-106.043,20100721,0.04,C,-66.6,6,0.11,C,-66.6,6,0.25,C,-66.6,6,1.39,S,0.0,S,11.14,S,111.1,S,431,C,234,C,24,C,3,C,1,C,1,C,0,C,0,C,0,C
GHCND:USC00050909,BRECKENRIDGE CO US,2920,39.4861,-106.043,20100722,0.04,C,-66.6,6,0.11,C,-66.6,6,0.25,C,-66.6,6,1.47,S,0.0,S,11.22,S,111.1,S,434,C,236,C,25,C,3,C,1,C,0,C,0,C,0,C,0,C
GHCND:USC00050909,BRECKENRIDGE CO US,2920,39.4861,-106.043,20100723,0.04,C,-66.6,6,0.11,C,-66.6,6,0.25,C,-66.6,6,1.55,S,0.0,S,11.30,S,111.1,S,438,C,238,C,25,C,3,C,1,C,0,C,0,C,0,C,0,C
GHCND:USC00050909,BRECKENRIDGE CO US,2920,39.4861,-106.043,20100724,0.04,C,-9999, ,0.11,C,-9999, ,0.26,C,-9999, ,1.64,S,0.0,S,11.39,S,111.1,S,441,C,241,C,26,C,3,C,0,C,0,C,0,C,0,C,0,C
GHCND:USC00050909,BRECKENRIDGE CO US,2920,39.4861,-106.043,20100725,0.04,C,-9999, ,0.11,C,-9999, ,0.26,C,-9999, ,1.72,S,0.0,S,11.47,S,111.1,S,444,C,243,C,26,C,3,C,0,C,0,C,0,C,0,C,0,C
GHCND:USC00050909,BRECKENRIDGE CO US,2920,39.4861,-106.043,20100726,0.04,C,-9999, ,0.11,C,-9999, ,0.26,C,-9999, ,1.80,S,0.0,S,11.55,S,111.1,S,447,C,246,C,27,C,3,C,0,C,0,C,0,C,0,C,0,C
GHCND:USC00050909,BRECKENRIDGE CO US,2920,39.4861,-106.043,20100727,0.04,C,-9999, ,0.11,C,-9999, ,0.26,C,-9999, ,1.88,S,0.0,S,11.63,S,111.1,S,449,C,248,C,27,C,3,C,0,C,0,C,0,C,0,C,0,C
GHCND:USC00050909,BRECKENRIDGE CO US,2920,39.4861,-106.043,20100728,0.04,C,-9999, ,0.11,C,-9999, ,0.26,C,-9999, ,1.96,S,0.0,S,11.71,S,111.1,S,451,C,250,C,27,C,3,C,0,C,0,C,0,C,0,C,0,C
GHCND:USC00050909,BRECKENRIDGE CO US,2920,39.4861,-106.043,20100729,0.04,C,-9999, ,0.11,C,-9999, ,0.26,C,-9999, ,2.04,S,0.0,S,11.79,S,111.1,S,454,C,252,C,28,C,3,C,0,C,0,C,0,C,0,C,0,C
GHCND:USC00050909,BRECKENRIDGE CO US,2920,39.4861,-106.043,20100730,0.04,C,-9999, ,0.11,C,-9999, ,0.26,C,-9999, ,2.13,S,0.0,S,11.88,S,111.1,S,456,C,253,C,28,C,2,C,0,C,0,C,0,C,0,C,0,C
GHCND:USC00050909,BRECKENRIDGE CO US,2920,39.4861,-106.043,20100731,0.04,C,-9999, ,0.11,C,-9999, ,0.26,C,-9999, ,2.21,S,0.0,S,11.96,S,111.1,S,457,C,254,C,28,C,2,C,0,C,0,C,0,C,0,C,0,C
GHCND:USC00050909,BRECKENRIDGE CO US,2920,39.4861,-106.043,20100801,0.04,C,-9999, ,0.11,C,-9999, ,0.26,C,-9999, ,0.08,S,0.0,S,12.04,S,111.1,S,458,C,255,C,28,C,2,C,0,C,0,C,0,C,0,C,0,C
GHCND:USC00050909,BRECKENRIDGE CO US,2920,39.4861,-106.043,20100802,0.04,C,-9999, ,0.11,C,-9999, ,0.26,C,-9999, ,0.16,S,0.0,S,12.12,S,111.1,S,459,C,255,C,28,C,2,C,0,C,0,C,0,C,0,C,0,C
GHCND:USC00050909,BRECKENRIDGE CO US,2920,39.4861,-106.043,20100803,0.04,C,-9999, ,0.11,C,-9999, ,0.26,C,-9999, ,0.24,S,0.0,S,12.20,S,111.1,S,459,C,255,C,28,C,2,C,0,C,0,C,0,C,0,C,0,C
GHCND:USC00050909,BRECKENRIDGE CO US,2920,39.4861,-106.043,20100804,0.04,C,-9999, ,0.11,C,-9999, ,0.26,C,-9999, ,0.32,S,0.0,S,12.28,S,111.1,S,460,C,255,C,28,C,2,C,0,C,0,C,0,C,0,C,0,C
GHCND:USC00050909,BRECKENRIDGE CO US,2920,39.4861,-106.043,20100805,0.04,C,-9999, ,0.11,C,-9999, ,0.26,C,-9999, ,0.41,S,0.0,S,12.37,S,111.1,S,459,C,254,C,28,C,2,C,0,C,0,C,0,C,0,C,0,C
GHCND:USC00050909,BRECKENRIDGE CO US,2920,39.4861,-106.043,20100806,0.04,C,-9999, ,0.11,C,-9999, ,0.26,C,-9999, ,0.49,S,0.0,S,12.45,S,111.1,S,458,C,253,C,28,C,2,C,0,C,0,C,0,C,0,C,0,C
GHCND:USC00050909,BRECKENRIDGE CO US,2920,39.4861,-106.043,20100807,0.04,C,-9999, ,0.11,C,-9999, ,0.26,C,-9999, ,0.58,S,0.0,S,12.54,S,111.1,S,457,C,252,C,28,C,2,C,0,C,0,C,0,C,0,C,0,C
GHCND:USC00050909,BRECKENRIDGE CO US,2920,39.4861,-106.043,20100808,0.04,C,-9999, ,0.11,C,-9999, ,0.25,C,-9999, ,0.66,S,0.0,S,12.62,S,111.1,S,456,C,250,C,27,C,2,C,0,C,0,C,0,C,0,C,0,C
GHCND:USC00050909,BRECKENRIDGE CO US,2920,39.4861,-106.043,20100809,0.04,C,-9999, ,0.11,C,-9999, ,0.25,C,-9999, ,0.75,S,0.0,S,12.71,S,111.1,S,455,C,249,C,27,C,2,C,0,C,0,C,0,C,0,C,0,C
GHCND:USC00050909,BRECKENRIDGE CO US,2920,39.4861,-106.043,20100810,0.04,C,-9999, ,0.11,C,-9999, ,0.25,C,-9999, ,0.83,S,0.0,S,12.79,S,111.1,S,454,C,249,C,27,C,2,C,0,C,0,C,0,C,0,C,0,C
GHCND:USC00050909,BRECKENRIDGE CO US,2920,39.4861,-106.043,20100811,0.04,C,-9999, ,0.11,C,-9999, ,0.25,C,-9999, ,0.92,S,0.0,S,12.88,S,111.1,S,453,C,248,C,27,C,2,C,0,C,0,C,0,C,0,C,0,C
GHCND:USC00050909,BRECKENRIDGE CO US,2920,39.4861,-106.043,20100812,0.04,C,-9999, ,0.11,C,-9999, ,0.25,C,-9999, ,1.00,S,0.0,S,12.96,S,111.1,S,452,C,247,C,27,C,2,C,0,C,0,C,0,C,0,C,0,C
GHCND:USC00050909,BRECKENRIDGE CO US,2920,39.4861,-106.043,20100813,0.04,C,-66.6,6,0.11,C,-66.6,6,0.25,C,-66.6,6,1.09,S,0.0,S,13.05,S,111.1,S,450,C,245,C,28,C,2,C,-9999, ,0,C,0,C,0,C,0,C
GHCND:USC00050909,BRECKENRIDGE CO US,2920,39.4861,-106.043,20100814,0.04,C,-66.6,6,0.11,C,-66.6,6,0.25,C,-66.6,6,1.16,S,0.0,S,13.12,S,111.1,S,448,C,244,C,28,C,2,C,-9999, ,0,C,0,C,0,C,0,C
GHCND:USC00050909,BRECKENRIDGE CO US,2920,39.4861,-106.043,20100815,0.04,C,-66.6,6,0.11,C,-66.6,6,0.25,C,-66.6,6,1.24,S,0.0,S,13.20,S,111.1,S,446,C,242,C,28,C,2,C,-9999, ,-9999, ,0,C,0,C,0,C
GHCND:USC00050909,BRECKENRIDGE CO US,2920,39.4861,-106.043,20100816,0.04,C,-66.6,6,0.11,C,-66.6,6,0.25,C,-66.6,6,1.32,S,0.0,S,13.28,S,111.1,S,444,C,240,C,28,C,2,C,-9999, ,-9999, ,0,C,0,C,0,C
GHCND:USC00050909,BRECKENRIDGE CO US,2920,39.4861,-106.043,20100817,0.04,C,-66.6,6,0.11,C,-66.6,6,0.25,C,-66.6,6,1.39,S,0.0,S,13.35,S,111.1,S,441,C,239,C,28,C,2,C,-9999, ,-9999, ,0,C,0,C,0,C
GHCND:USC00050909,BRECKENRIDGE CO US,2920,39.4861,-106.043,20100818,0.04,C,-66.6,6,0.11,C,-66.6,6,0.25,C,-66.6,6,1.47,S,0.0,S,13.43,S,111.1,S,439,C,237,C,28,C,2,C,-9999, ,-9999, ,0,C,0,C,0,C
GHCND:USC00050909,BRECKENRIDGE CO US,2920,39.4861,-106.043,20100819,0.04,C,-66.6,6,0.11,C,-66.6,6,0.24,C,-66.6,6,1.54,S,0.0,S,13.50,S,111.1,S,436,C,235,C,28,C,2,C,-9999, ,-9999, ,0,C,-9999, ,-9999, 
GHCND:USC00050909,BRECKENRIDGE CO US,2920,39.4861,-106.043,20100820,0.04,C,-66.6,6,0.11,C,-66.6,6,0.24,C,-66.6,6,1.61,S,0.0,S,13.57,S,111.1,S,433,C,233,C,28,C,2,C,-9999, ,-9999, ,0,C,-9999, ,-9999, 
GHCND:USC00050909,BRECKENRIDGE CO US,2920,39.4861,-106.043,20100821,0.04,C,-66.6,6,0.11,C,-66.6,6,0.24,C,-66.6,6,1.68,S,0.0,S,13.64,S,111.1,S,430,C,231,C,28,C,2,C,-9999, ,-9999, ,0,C,-9999, ,-9999, 
GHCND:USC00050909,BRECKENRIDGE CO US,2920,39.4861,-106.043,20100822,0.04,C,-66.6,6,0.11,C,-66.6,6,0.24,C,-66.6,6,1.75,S,0.0,S,13.71,S,111.1,S,426,C,228,C,27,C,1,C,-9999, ,-9999, ,0,C,-9999, ,-9999, 
GHCND:USC00050909,BRECKENRIDGE CO US,2920,39.4861,-106.043,20100823,0.04,C,-66.6,6,0.11,C,-66.6,6,0.24,C,-66.6,6,1.82,S,0.0,S,13.78,S,111.1,S,422,C,225,C,27,C,1,C,-9999, ,-9999, ,0,C,-9999, ,-9999, 
GHCND:USC00050909,BRECKENRIDGE CO US,2920,39.4861,-106.043,20100824,0.04,C,-66.6,6,0.11,C,-66.6,6,0.24,C,-66.6,6,1.89,S,0.0,S,13.85,S,111.1,S,418,C,222,C,27,C,1,C,-9999, ,-9999, ,0,C,-9999, ,-9999, 
GHCND:USC00050909,BRECKENRIDGE CO US,2920,39.4861,-106.043,20100825,0.04,C,-66.6,6,0.11,C,-66.6,6,0.23,C,-66.6,6,1.96,S,0.0,S,13.92,S,111.1,S,414,C,219,C,26,C,1,C,-9999, ,-9999, ,0,C,-9999, ,-9999, 
GHCND:USC00050909,BRECKENRIDGE CO US,2920,39.4861,-106.043,20100826,0.04,C,-66.6,6,0.11,C,-66.6,6,0.23,C,-66.6,6,2.03,S,0.0,S,13.99,S,111.1,S,410,C,216,C,26,C,1,C,-9999, ,-9999, ,0,C,-9999, ,-9999, 
GHCND:USC00050909,BRECKENRIDGE CO US,2920,39.4861,-106.043,20100827,0.04,S,-66.6,6,0.11,S,-66.6,6,0.23,S,-66.6,6,2.10,S,0.0,S,14.06,S,111.1,S,406,S,213,S,26,S,1,S,-9999, ,-9999, ,0,S,-9999, ,-9999, 
GHCND:USC00050909,BRECKENRIDGE CO US,2920,39.4861,-106.043,20100828,0.04,S,-66.6,6,0.11,S,-66.6,6,0.23,S,-66.6,6,2.17,S,0.0,S,14.13,S,111.1,S,402,S,210,S,26,S,1,S,-9999, ,-9999, ,0,S,-9999, ,-9999, 
GHCND:USC00050909,BRECKENRIDGE CO US,2920,39.4861,-106.043,20100829,0.04,S,-66.6,6,0.11,S,-66.6,6,0.23,S,-66.6,6,2.23,S,0.0,S,14.19,S,111.1,S,397,S,208,S,26,S,1,S,-9999, ,-9999, ,0,S,-9999, ,-9999, 
GHCND:USC00050909,BRECKENRIDGE CO US,2920,39.4861,-106.043,20100830,0.04,S,-66.6,6,0.11,S,-66.6,6,0.23,S,-66.6,6,2.30,S,0.1,S,14.26,S,111.2,S,392,S,205,S,25,S,1,S,-9999, ,-9999, ,0,S,-9999, ,-9999, 
GHCND:USC00050909,BRECKENRIDGE CO US,2920,39.4861,-106.043,20100831,0.04,S,-66.6,6,0.11,S,-66.6,6,0.23,S,-66.6,6,2.37,S,0.1,S,14.33,S,111.2,S,388,S,203,S,26,S,1,S,-9999, ,-9999, ,0,S,-9999, ,-9999, 
GHCND:USC00050909,BRECKENRIDGE CO US,2920,39.4861,-106.043,20100901,0.04,S,-66.6,6,0.11,S,-66.6,6,0.23,S,-66.6,6,0.06,S,0.0,S,14.39,S,111.2,S,383,S,201,S,26,S,1,S,12,S,9,S,0,S,4,S,3,S
GHCND:USC00050909,BRECKENRIDGE CO US,2920,39.4861,-106.043,20100902,0.04,S,-66.6,6,0.11,S,-66.6,6,0.23,S,-66.6,6,0.13,S,0.0,S,14.46,S,111.2,S,378,S,198,S,25,S,1,S,14,S,10,S,0,S,5,S,3,S
GHCND:USC00050909,BRECKENRIDGE CO US,2920,39.4861,-106.043,20100903,0.04,S,-66.6,6,0.11,S,-66.6,6,0.23,S,-66.6,6,0.19,S,0.1,S,14.52,S,111.3,S,374,S,196,S,25,S,1,S,15,S,11,S,0,S,5,S,3,S
GHCND:USC00050909,BRECKENRIDGE CO US,2920,39.4861,-106.043,20100904,0.04,S,-66.6,6,0.11,S,-66.6,6,0.23,S,-66.6,6,0.25,S,0.1,S,14.58,S,111.3,S,369,S,194,S,25,S,1,S,16,S,12,S,0,S,6,S,4,S
GHCND:USC00050909,BRECKENRIDGE CO US,2920,39.4861,-106.043,20100905,0.04,S,-66.6,6,0.11,S,-66.6,6,0.23,S,-66.6,6,0.31,S,0.1,S,14.64,S,111.3,S,366,S,193,S,25,S,1,S,18,S,13,S,0,S,6,S,4,S
GHCND:USC00050909,BRECKENRIDGE CO US,2920,39.4861,-106.043,20100906,0.04,S,-66.6,6,0.11,S,-66.6,6,0.23,S,-66.6,6,0.37,S,0.1,S,14.70,S,111.3,S,362,S,191,S,25,S,1,S,20,S,14,S,0,S,7,S,4,S
GHCND:USC00050909,BRECKENRIDGE CO US,2920,39.4861,-106.043,20100907,0.04,S,-66.6,6,0.11,S,-66.6,6,0.23,S,-66.6,6,0.42,S,0.2,S,14.75,S,111.4,S,358,S,190,S,25,S,1,S,22,S,15,S,0,S,7,S,4,S
GHCND:USC00050909,BRECKENRIDGE CO US,2920,39.4861,-106.043,20100908,0.04,S,-66.6,6,0.11,S,-66.6,6,0.23,S,-66.6,6,0.48,S,0.2,S,14.81,S,111.4,S,354,S,188,S,25,S,1,S,24,S,16,S,0,S,8,S,5,S
GHCND:USC00050909,BRECKENRIDGE CO US,2920,39.4861,-106.043,20100909,0.04,S,-66.6,6,0.11,S,-66.6,6,0.23,S,-66.6,6,0.54,S,0.3,S,14.87,S,111.5,S,350,S,186,S,25,S,1,S,26,S,17,S,0,S,8,S,5,S
GHCND:USC00050909,BRECKENRIDGE CO US,2920,39.4861,-106.043,20100910,0.04,S,-66.6,6,0.11,S,-66.6,6,0.23,S,-66.6,6,0.59,S,0.3,S,14.92,S,111.5,S,346,S,185,S,24,S,1,S,28,S,19,S,0,S,9,S,5,S
GHCND:USC00050909,BRECKENRIDGE CO US,2920,39.4861,-106.043,20100911,0.04,S,-66.6,6,0.11,S,-66.6,6,0.23,S,-66.6,6,0.65,S,0.4,S,14.98,S,111.6,S,342,S,183,S,24,S,1,S,30,S,20,S,0,S,10,S,5,S
GHCND:USC00050909,BRECKENRIDGE CO US,2920,39.4861,-106.043,20100912,0.04,S,-66.6,6,0.11,S,-66.6,6,0.23,S,-66.6,6,0.71,S,0.5,S,15.04,S,111.7,S,338,S,182,S,24,S,1,S,32,S,22,S,0,S,10,S,6,S
GHCND:USC00050909,BRECKENRIDGE CO US,2920,39.4861,-106.043,20100913,0.04,S,-66.6,6,0.11,S,-66.6,6,0.23,S,-66.6,6,0.76,S,0.5,S,15.09,S,111.7,S,334,S,180,S,23,S,1,S,35,S,24,S,0,S,11,S,6,S
GHCND:USC00050909,BRECKENRIDGE CO US,2920,39.4861,-106.043,20100914,0.04,S,-66.6,6,0.11,S,-66.6,6,0.23,S,-66.6,6,0.82,S,0.6,S,15.15,S,111.8,S,330,S,178,S,23,S,1,S,37,S,26,S,0,S,12,S,6,S
GHCND:USC00050909,BRECKENRIDGE CO US,2920,39.4861,-106.043,20100915,0.04,S,-66.6,6,0.11,S,-66.6,6,0.23,S,-66.6,6,0.87,S,0.7,S,15.20,S,111.9,S,325,S,176,S,23,S,1,S,40,S,27,S,0,S,13,S,7,S
GHCND:USC00050909,BRECKENRIDGE CO US,2920,39.4861,-106.043,20100916,0.04,S,-66.6,6,0.11,S,-66.6,6,0.23,S,-66.6,6,0.92,S,0.8,S,15.25,S,111.9,S,321,S,174,S,22,S,1,S,42,S,29,S,0,S,14,S,7,S
GHCND:USC00050909,BRECKENRIDGE CO US,2920,39.4861,-106.043,20100917,0.04,S,-66.6,6,0.11,S,-66.6,6,0.23,S,-66.6,6,0.98,S,0.8,S,15.31,S,112.0,S,317,S,173,S,22,S,1,S,45,S,31,S,0,S,15,S,8,S
GHCND:USC00050909,BRECKENRIDGE CO US,2920,39.4861,-106.043,20100918,0.04,S,-66.6,6,0.11,S,-66.6,6,0.23,S,-66.6,6,1.03,S,0.9,S,15.36,S,112.1,S,312,S,171,S,22,S,1,S,48,S,33,S,0,S,16,S,8,S
GHCND:USC00050909,BRECKENRIDGE CO US,2920,39.4861,-106.043,20100919,0.04,S,-66.6,6,0.11,S,-66.6,6,0.24,S,-66.6,6,1.08,S,1.0,S,15.41,S,112.2,S,308,S,169,S,21,S,1,S,51,S,36,S,0,S,17,S,9,S
GHCND:USC00050909,BRECKENRIDGE CO US,2920,39.4861,-106.043,20100920,0.04,S,-66.6,6,0.11,S,-66.6,6,0.24,S,-66.6,6,1.14,S,1.1,S,15.47,S,112.3,S,304,S,168,S,21,S,1,S,55,S,38,S,0,S,18,S,9,S
GHCND:USC00050909,BRECKENRIDGE CO US,2920,39.4861,-106.043,20100921,0.04,S,-66.6,6,0.11,S,-66.6,6,0.24,S,-66.6,6,1.19,S,1.2,S,15.52,S,112.4,S,300,S,166,S,21,S,1,S,58,S,40,S,0,S,19,S,10,S
GHCND:USC00050909,BRECKENRIDGE CO US,2920,39.4861,-106.043,20100922,0.04,S,-66.6,6,0.11,S,-66.6,6,0.24,S,-66.6,6,1.24,S,1.3,S,15.57,S,112.5,S,297,S,165,S,21,S,1,S,62,S,43,S,-9999, ,20,S,10,S
GHCND:USC00050909,BRECKENRIDGE CO US,2920,39.4861,-106.043,20100923,0.04,S,-66.6,6,0.11,S,-66.6,6,0.24,S,-66.6,6,1.29,S,1.4,S,15.62,S,112.6,S,293,S,163,S,21,S,1,S,65,S,45,S,-9999, ,21,S,10,S
GHCND:USC00050909,BRECKENRIDGE CO US,2920,39.4861,-106.043,20100924,0.04,S,-66.6,6,0.11,S,-66.6,6,0.24,S,-66.6,6,1.34,S,1.5,S,15.67,S,112.7,S,289,S,162,S,20,S,1,S,69,S,48,S,-9999, ,22,S,11,S
GHCND:USC00050909,BRECKENRIDGE CO US,2920,39.4861,-106.043,20100925,0.04,S,-66.6,6,0.11,S,-66.6,6,0.24,S,-66.6,6,1.39,S,1.7,S,15.72,S,112.8,S,285,S,160,S,20,S,1,S,72,S,50,S,-9999, ,23,S,11,S
GHCND:USC00050909,BRECKENRIDGE CO US,2920,39.4861,-106.043,20100926,0.04,S,-66.6,6,0.11,S,-66.6,6,0.24,S,-66.6,6,1.44,S,1.8,S,15.77,S,113.0,S,282,S,158,S,20,S,1,S,76,S,53,S,-9999, ,24,S,12,S
GHCND:USC00050909,BRECKENRIDGE CO US,2920,39.4861,-106.043,20100927,0.04,S,-66.6,6,0.11,S,-66.6,6,0.25,S,-66.6,6,1.49,S,2.0,S,15.82,S,113.2,S,279,S,157,S,19,S,1,S,80,S,55,S,-9999, ,25,S,12,S
GHCND:USC00050909,BRECKENRIDGE CO US,2920,39.4861,-106.043,20100928,0.04,S,-66.6,6,0.11,S,-66.6,6,0.25,S,-66.6,6,1.54,S,2.1,S,15.87,S,113.3,S,276,S,155,S,19,S,1,S,84,S,58,S,-9999, ,26,S,13,S
GHCND:USC00050909,BRECKENRIDGE CO US,2920,39.4861,-106.043,20100929,0.04,S,-66.6,6,0.11,S,-66.6,6,0.25,S,-66.6,6,1.58,S,2.3,S,15.91,S,113.5,S,273,S,154,S,19,S,1,S,88,S,61,S,-9999, ,27,S,13,S
GHCND:USC00050909,BRECKENRIDGE CO US,2920,39.4861,-106.043,20100930,0.04,S,-66.6,6,0.11,S,-66.6,6,0.25,S,-66.6,6,1.63,S,2.5,S,15.96,S,113.7,S,271,S,153,S,18,S,1,S,93,S,64,S,-9999, ,29,S,14,S
GHCND:USC00050909,BRECKENRIDGE CO US,2920,39.4861,-106.043,20101001,0.04,S,-66.6,6,0.11,S,-66.6,6,0.25,S,-66.6,6,0.05,R,0.2,S,16.01,R,113.9,S,269,S,152,S,18,S,1,S,97,S,67,S,1,S,30,S,15,S
GHCND:USC00050909,BRECKENRIDGE CO US,2920,39.4861,-106.043,20101002,0.04,S,-66.6,6,0.11,S,-66.6,6,0.25,S,-66.6,6,0.10,R,0.4,S,16.06,R,114.1,S,267,S,151,S,18,S,1,S,102,S,71,S,2,S,31,S,15,S
GHCND:USC00050909,BRECKENRIDGE CO US,2920,39.4861,-106.043,20101003,0.04,S,0.6,S,0.11,S,1.4,S,0.25,S,3.3,S,0.16,R,0.7,S,16.12,R,114.4,S,265,S,150,S,18,S,1,S,106,S,75,S,2,S,33,S,16,S
GHCND:USC00050909,BRECKENRIDGE CO US,2920,39.4861,-106.043,20101004,0.04,S,0.6,S,0.11,S,1.4,S,0.25,S,3.3,S,0.21,R,0.9,S,16.17,R,114.6,S,263,S,149,S,18,S,1,S,111,S,79,S,2,S,34,S,17,S
GHCND:USC00050909,BRECKENRIDGE CO US,2920,39.4861,-106.043,20101005,0.04,S,0.7,S,0.11,S,1.4,S,0.25,S,3.3,S,0.25,R,1.2,S,16.21,R,114.9,S,261,S,148,S,17,S,1,S,116,S,83,S,2,S,36,S,17,S
GHCND:USC00050909,BRECKENRIDGE CO US,2920,39.4861,-106.043,20101006,0.04,S,0.7,S,0.11,S,1.4,S,0.25,S,3.3,S,0.30,R,1.4,S,16.26,R,115.1,S,260,S,147,S,17,S,1,S,121,S,87,S,2,S,37,S,18,S
GHCND:USC00050909,BRECKENRIDGE CO US,2920,39.4861,-106.043,20101007,0.04,S,0.7,S,0.11,S,1.4,S,0.25,S,3.3,S,0.35,R,1.7,S,16.31,R,115.4,S,258,S,146,S,17,S,1,S,125,S,91,S,2,S,39,S,19,S
GHCND:USC00050909,BRECKENRIDGE CO US,2920,39.4861,-106.043,20101008,0.04,S,0.7,S,0.11,S,1.4,S,0.25,S,3.3,S,0.40,R,2.0,S,16.36,R,115.7,S,256,S,144,S,17,S,1,S,130,S,95,S,2,S,41,S,19,S
GHCND:USC00050909,BRECKENRIDGE CO US,2920,39.4861,-106.043,20101009,0.04,S,0.7,S,0.11,S,1.4,S,0.25,S,3.4,S,0.45,R,2.3,S,16.41,R,116.0,S,254,S,143,S,17,S,1,S,136,S,100,S,3,S,43,S,20,S
GHCND:USC00050909,BRECKENRIDGE CO US,2920,39.4861,-106.043,20101010,0.04,S,0.7,S,0.11,S,1.5,S,0.25,S,3.4,S,0.49,R,2.6,S,16.45,R,116.3,S,253,S,142,S,16,S,1,S,141,S,104,S,3,S,44,S,21,S
GHCND:USC00050909,BRECKENRIDGE CO US,2920,39.4861,-106.043,20101011,0.04,S,0.8,S,0.11,S,1.5,S,0.25,S,3.4,S,0.54,R,2.9,S,16.50,R,116.6,S,251,S,141,S,16,S,1,S,146,S,108,S,3,S,46,S,21,S
GHCND:USC00050909,BRECKENRIDGE CO US,2920,39.4861,-106.043,20101012,0.04,S,0.8,S,0.11,S,1.5,S,0.25,S,3.4,S,0.59,R,3.2,S,16.55,R,116.9,S,250,S,140,S,16,S,1,S,151,S,112,S,3,S,47,S,22,S
GHCND:USC00050909,BRECKENRIDGE CO US,2920,39.4861,-106.043,20101013,0.04,S,0.8,S,0.11,S,1.5,S,0.25,S,3.4,S,0.63,R,3.6,S,16.59,R,117.3,S,249,S,140,S,16,S,1,S,156,S,117,S,3,S,49,S,23,S
GHCND:USC00050909,BRECKENRIDGE CO US,2920,39.4861,-106.043,20101014,0.04,S,0.8,S,0.11,S,1.5,S,0.25,S,3.4,S,0.68,R,3.9,S,16.64,R,117.6,S,248,S,140,S,16,S,1,S,161,S,122,S,3,S,51,S,24,S
GHCND:USC00050909,BRECKENRIDGE CO US,2920,39.4861,-106.043,20101015,0.04,S,0.8,S,0.11,S,1.5,S,0.25,S,3.4,S,0.73,R,4.3,S,16.69,R,118.0,S,249,S,140,S,16,S,1,S,167,S,127,S,3,S,53,S,24,S
GHCND:USC00050909,BRECKENRIDGE CO US,2920,39.4861,-106.043,20101016,0.04,S,0.8,S,0.11,S,1.5,S,0.25,S,3.4,S,0.78,R,4.7,S,16.74,R,118.4,S,249,S,140,S,16,S,1,S,172,S,132,S,3,S,55,S,25,S
GHCND:USC00050909,BRECKENRIDGE CO US,2920,39.4861,-106.043,20101017,0.04,S,0.8,S,0.11,S,1.6,S,0.25,S,3.4,S,0.83,R,5.1,S,16.79,R,118.8,S,250,S,140,S,16,S,1,S,179,S,137,S,3,S,57,S,26,S
GHCND:USC00050909,BRECKENRIDGE CO US,2920,39.4861,-106.043,20101018,0.04,S,0.8,S,0.11,S,1.6,S,0.25,S,3.4,S,0.88,R,5.6,S,16.84,R,119.2,S,251,S,141,S,16,S,1,S,184,S,143,S,3,S,59,S,27,S
GHCND:USC00050909,BRECKENRIDGE CO US,2920,39.4861,-106.043,20101019,0.04,S,0.8,S,0.11,S,1.6,S,0.25,S,3.4,S,0.93,R,6.0,S,16.89,R,119.7,S,252,S,141,S,16,S,1,S,190,S,148,S,3,S,61,S,28,S
GHCND:USC00050909,BRECKENRIDGE CO US,2920,39.4861,-106.043,20101020,0.04,S,0.9,S,0.11,S,1.6,S,0.25,S,3.4,S,0.98,R,6.5,S,16.94,R,120.1,S,254,S,142,S,16,S,1,S,196,S,153,S,3,S,63,S,29,S
GHCND:USC00050909,BRECKENRIDGE CO US,2920,39.4861,-106.043,20101021,0.04,S,0.9,S,0.11,S,1.6,S,0.24,S,3.4,S,1.02,R,6.9,S,16.98,R,120.6,S,257,S,143,S,16,S,1,S,202,S,159,S,4,S,66,S,30,S
GHCND:USC00050909,BRECKENRIDGE CO US,2920,39.4861,-106.043,20101022,0.04,S,0.9,S,0.11,S,1.6,S,0.24,S,3.4,S,1.07,R,7.4,S,17.03,R,121.1,S,259,S,143,S,16,S,1,S,208,S,164,S,4,S,68,S,31,S
GHCND:USC00050909,BRECKENRIDGE CO US,2920,39.4861,-106.043,20101023,0.04,S,0.9,S,0.11,S,1.7,S,0.24,S,3.4,S,1.12,R,7.9,S,17.08,R,121.6,S,262,S,144,S,16,S,1,S,214,S,170,S,4,S,70,S,31,S
GHCND:USC00050909,BRECKENRIDGE CO US,2920,39.4861,-106.043,20101024,0.04,S,0.9,S,0.11,S,1.7,S,0.24,S,3.4,S,1.17,R,8.4,S,17.13,R,122.1,S,264,S,144,S,16,S,1,S,219,S,175,S,4,S,72,S,32,S
GHCND:USC00050909,BRECKENRIDGE CO US,2920,39.4861,-106.043,20101025,0.04,S,0.9,S,0.11,S,1.7,S,0.24,S,3.4,S,1.22,R,8.9,S,17.18,R,122.6,S,266,S,145,S,16,S,1,S,225,S,181,S,4,S,74,S,33,S
GHCND:USC00050909,BRECKENRIDGE CO US,2920,39.4861,-106.043,20101026,0.04,S,1.0,S,0.11,S,1.7,S,0.24,S,3.4,S,1.27,R,9.4,S,17.23,R,123.1,S,269,S,146,S,16,S,1,S,230,S,186,S,3,S,76,S,34,S
GHCND:USC00050909,BRECKENRIDGE CO US,2920,39.4861,-106.043,20101027,0.04,S,1.0,S,0.11,S,1.7,S,0.24,S,3.4,S,1.32,R,10.0,S,17.28,R,123.7,S,272,S,146,S,16,S,1,S,236,S,192,S,3,S,78,S,35,S
GHCND:USC00050909,BRECKENRIDGE CO US,2920,39.4861,-106.043,20101028,0.04,S,1.0,S,0.11,S,1.8,S,0.23,S,3.5,S,1.37,R,10.6,S,17.33,R,124.3,S,274,S,147,S,16,S,0,S,241,S,197,S,3,S,80,S,35,S
GHCND:USC00050909,BRECKENRIDGE CO US,2920,39.4861,-106.043,20101029,0.04,S,1.0,S,0.11,S,1.8,S,0.23,S,3.5,S,1.42,R,11.2,S,17.38,R,124.9,S,277,S,148,S,16,S,0,S,246,S,202,S,3,S,82,S,36,S
GHCND:USC00050909,BRECKENRIDGE CO US,2920,39.4861,-106.043,20101030,0.04,S,1.0,S,0.11,S,1.8,S,0.23,S,3.5,S,1.47,R,11.8,S,17.43,R,125.5,S,280,S,148,S,16,S,0,S,252,S,207,S,3,S,84,S,37,S
GHCND:USC00050909,BRECKENRIDGE CO US,2920,39.4861,-106.043,20101031,0.04,S,1.0,S,0.11,S,1.8,S,0.23,S,3.5,S,1.53,R,12.5,S,17.49,R,126.2,S,282,S,149,S,16,S,0,S,257,S,213,S,3,S,86,S,37,S
GHCND:USC00050909,BRECKENRIDGE CO US,2920,39.4861,-106.043,20101101,0.04,S,1.0,S,0.10,S,1.9,S,0.22,S,3.5,S,0.05,S,0.7,C,17.54,S,126.9,C,285,S,149,S,16,S,0,S,262,S,218,S,3,S,87,S,38,S
GHCND:USC00050909,BRECKENRIDGE CO US,2920,39.4861,-106.043,20101102,0.04,S,1.0,S,0.10,S,1.9,S,0.22,S,3.5,S,0.10,S,1.4,C,17.59,S,127.6,C,288,S,150,S,15,S,0,S,267,S,222,S,3,S,89,S,38,S
GHCND:USC00050909,BRECKENRIDGE CO US,2920,39.4861,-106.043,20101103,0.04,S,1.0,S,0.10,S,1.9,S,0.22,S,3.5,S,0.15,S,2.1,C,17.64,S,128.3,C,290,S,150,S,15,S,0,S,272,S,227,S,3,S,91,S,39,S
GHCND:USC00050909,BRECKENRIDGE CO US,2920,39.4861,-106.043,20101104,0.04,S,1.0,S,0.10,S,1.9,S,0.22,S,3.5,S,0.20,S,2.9,C,17.69,S,129.1,C,293,S,150,S,15,S,0,S,277,S,232,S,3,S,92,S,39,S
GHCND:USC00050909,BRECKENRIDGE CO US,2920,39.4861,-106.043,20101105,0.04,S,1.0,S,0.10,S,1.9,S,0.22,S,3.5,S,0.25,S,3.6,C,17.74,S,129.8,C,296,S,151,S,15,S,0,S,282,S,236,S,3,S,94,S,40,S
GHCND:USC00050909,BRECKENRIDGE CO US,2920,39.4861,-106.043,20101106,0.04,S,1.0,C,0.10,S,1.9,C,0.21,S,3.5,C,0.30,S,4.4,C,17.79,S,130.6,C,299,S,151,S,15,S,0,S,286,C,241,C,2,C,95,C,41,C
GHCND:USC00050909,BRECKENRIDGE CO US,2920,39.4861,-106.043,20101107,0.04,S,1.0,C,0.10,S,1.9,C,0.21,S,3.5,C,0.35,S,5.1,C,17.84,S,131.3,C,302,S,152,S,15,S,0,S,290,C,245,C,2,C,96,C,41,C
GHCND:USC00050909,BRECKENRIDGE CO US,2920,39.4861,-106.043,20101108,0.04,S,1.0,C,0.10,S,2.0,C,0.21,S,3.5,C,0.40,S,5.9,C,17.89,S,132.1,C,305,S,153,S,15,S,0,S,294,C,249,C,2,C,98,C,42,C
GHCND:USC00050909,BRECKENRIDGE CO US,2920,39.4861,-106.043,20101109,0.04,S,1.0,C,0.10,S,2.0,C,0.21,S,3.5,C,0.45,S,6.7,C,17.94,S,132.9,C,308,S,154,S,15,S,0,S,298,C,253,C,2,C,99,C,43,C
GHCND:USC00050909,BRECKENRIDGE CO US,2920,39.4861,-106.043,20101110,0.04,S,1.0,C,0.10,S,2.0,C,0.21,S,3.5,C,0.50,S,7.5,C,17.99,S,133.7,C,311,S,154,S,15,S,0,S,302,C,257,C,2,C,100,C,43,C
GHCND:USC00050909,BRECKENRIDGE CO US,2920,39.4861,-106.043,20101111,0.04,S,1.0,C,0.10,S,2.0,C,0.20,S,3.5,C,0.55,S,8.3,C,18.04,S,134.5,C,314,S,155,S,14,S,0,S,306,C,261,C,2,C,101,C,43,C
GHCND:USC00050909,BRECKENRIDGE CO US,2920,39.4861,-106.043,20101112,0.04,S,1.0,C,0.09,S,2.0,C,0.20,S,3.5,C,0.59,S,9.1,C,18.08,S,135.3,C,317,S,155,S,14,S,0,S,310,C,264,C,2,C,102,C,44,C
GHCND:USC00050909,BRECKENRIDGE CO US,2920,39.4861,-106.043,20101113,0.04,C,1.0,C,0.09,C,1.9,C,0.20,C,3.5,C,0.64,S,9.9,C,18.13,S,136.1,C,319,C,155,C,14,C,0,C,313,C,267,C,2,C,103,C,44,C
GHCND:USC00050909,BRECKENRIDGE CO US,2920,39.4861,-106.043,20101114,0.04,C,1.0,C,0.09,C,1.9,C,0.20,C,3.5,C,0.69,S,10.8,C,18.18,S,136.9,C,321,C,154,C,14,C,0,C,316,C,269,C,2,C,104,C,45,C
GHCND:USC00050909,BRECKENRIDGE CO US,2920,39.4861,-106.043,20101115,0.04,C,1.0,C,0.09,C,1.9,C,0.20,C,3.5,C,0.74,S,11.6,C,18.23,S,137.8,C,323,C,154,C,13,C,0,C,319,C,271,C,2,C,104,C,45,C
GHCND:USC00050909,BRECKENRIDGE CO US,2920,39.4861,-106.043,20101116,0.04,C,1.0,C,0.09,C,1.9,C,0.20,C,3.5,C,0.79,S,12.4,C,18.28,S,138.6,C,325,C,154,C,13,C,0,C,321,C,272,C,1,C,105,C,45,C
GHCND:USC00050909,BRECKENRIDGE CO US,2920,39.4861,-106.043,20101117,0.04,C,1.0,C,0.09,C,1.9,C,0.19,C,3.5,C,0.83,S,13.3,C,18.32,S,139.5,C,326,C,154,C,12,C,0,C,324,C,274,C,1,C,105,C,45,C
GHCND:USC00050909,BRECKENRIDGE CO US,2920,39.4861,-106.043,20101118,0.04,C,1.0,C,0.09,C,1.9,C,0.19,C,3.5,C,0.88,S,14.1,C,18.37,S,140.3,C,328,C,154,C,12,C,0,C,326,C,275,C,1,C,106,C,45,C
GHCND:USC00050909,BRECKENRIDGE CO US,2920,39.4861,-106.043,20101119,0.04,C,1.0,C,0.09,C,1.9,C,0.19,C,3.5,C,0.93,S,15.0,C,18.42,S,141.2,C,329,C,153,C,11,C,0,C,328,C,276,C,1,C,106,C,45,C
GHCND:USC00050909,BRECKENRIDGE CO US,2920,39.4861,-106.043,20101120,0.04,C,1.0,C,0.09,C,1.8,C,0.19,C,3.5,C,0.98,S,15.9,C,18.47,S,142.1,C,330,C,153,C,11,C,0,C,330,C,277,C,1,C,106,C,45,C
GHCND:USC00050909,BRECKENRIDGE CO US,2920,39.4861,-106.043,20101121,0.04,C,1.0,C,0.09,C,1.8,C,0.19,C,3.5,C,1.03,S,16.7,C,18.52,S,142.9,C,332,C,154,C,10,C,0,C,332,C,278,C,1,C,106,C,45,C
GHCND:USC00050909,BRECKENRIDGE CO US,2920,39.4861,-106.043,20101122,0.04,C,1.0,C,0.09,C,1.8,C,0.19,C,3.5,C,1.08,S,17.6,C,18.57,S,143.8,C,333,C,154,C,10,C,0,C,334,C,279,C,1,C,107,C,45,C
GHCND:USC00050909,BRECKENRIDGE CO US,2920,39.4861,-106.043,20101123,0.04,C,1.0,C,0.09,C,1.8,C,0.19,C,3.4,C,1.13,S,18.5,C,18.62,S,144.6,C,335,C,155,C,10,C,0,C,337,C,280,C,1,C,107,C,45,C
GHCND:USC00050909,BRECKENRIDGE CO US,2920,39.4861,-106.043,20101124,0.04,C,1.0,C,0.09,C,1.8,C,0.19,C,3.4,C,1.18,S,19.3,C,18.67,S,145.5,C,336,C,155,C,9,C,0,C,339,C,280,C,1,C,107,C,45,C
GHCND:USC00050909,BRECKENRIDGE CO US,2920,39.4861,-106.043,20101125,0.04,C,1.0,C,0.09,C,1.8,C,0.19,C,3.4,C,1.22,S,20.2,C,18.71,S,146.4,C,338,C,155,C,9,C,0,C,341,C,281,C,1,C,107,C,45,C
GHCND:USC00050909,BRECKENRIDGE CO US,2920,39.4861,-106.043,20101126,0.04,C,1.0,C,0.09,C,1.7,C,0.19,C,3.4,C,1.27,S,21.0,C,18.76,S,147.2,C,339,C,156,C,9,C,0,C,343,C,281,C,1,C,107,C,45,C
GHCND:USC00050909,BRECKENRIDGE CO US,2920,39.4861,-106.043,20101127,0.04,C,1.0,C,0.09,C,1.7,C,0.19,C,3.4,C,1.32,S,21.9,C,18.81,S,148.1,C,340,C,156,C,9,C,0,C,344,C,281,C,1,C,106,C,45,C
GHCND:USC00050909,BRECKENRIDGE CO US,2920,39.4861,-106.043,20101128,0.04,C,1.0,C,0.09,C,1.7,C,0.19,C,3.4,C,1.37,S,22.7,C,18.86,S,148.9,C,342,C,156,C,9,C,0,C,345,C,281,C,1,C,106,C,45,C
GHCND:USC00050909,BRECKENRIDGE CO US,2920,39.4861,-106.043,20101129,0.04,C,1.0,C,0.09,C,1.7,C,0.19,C,3.3,C,1.41,S,23.6,C,18.90,S,149.7,C,342,C,157,C,9,C,0,C,346,C,280,C,1,C,106,C,45,C
GHCND:USC00050909,BRECKENRIDGE CO US,2920,39.4861,-106.043,20101130,0.04,C,1.0,C,0.09,C,1.7,C,0.19,C,3.3,C,1.46,S,24.4,C,18.95,S,150.6,C,343,C,157,C,9,C,0,C,347,C,279,C,1,C,105,C,44,C
GHCND:USC00050909,BRECKENRIDGE CO US,2920,39.4861,-106.043,20101201,0.04,C,1.0,C,0.09,C,1.7,C,0.19,C,3.3,C,0.05,S,0.8,C,19.00,S,151.4,C,344,C,157,C,9,C,0,C,348,C,278,C,1,C,105,C,44,C
GHCND:USC00050909,BRECKENRIDGE CO US,2920,39.4861,-106.043,20101202,0.04,C,1.0,C,0.09,C,1.6,C,0.19,C,3.3,C,0.09,S,1.6,C,19.04,S,152.2,C,344,C,157,C,9,C,0,C,348,C,277,C,1,C,104,C,44,C
GHCND:USC00050909,BRECKENRIDGE CO US,2920,39.4861,-106.043,20101203,0.04,C,1.0,C,0.09,C,1.6,C,0.19,C,3.3,C,0.14,S,2.4,C,19.09,S,153.0,C,345,C,158,C,9,C,0,C,349,C,276,C,1,C,104,C,44,C
GHCND:USC00050909,BRECKENRIDGE CO US,2920,39.4861,-106.043,20101204,0.04,C,0.9,C,0.09,C,1.6,C,0.19,C,3.2,C,0.18,S,3.2,C,19.13,S,153.8,C,345,C,158,C,9,C,0,C,349,C,275,C,1,C,104,C,44,C
GHCND:USC00050909,BRECKENRIDGE CO US,2920,39.4861,-106.043,20101205,0.04,C,0.9,C,0.08,C,1.6,C,0.19,C,3.2,C,0.23,S,4.0,C,19.18,S,154.6,C,346,C,158,C,9,C,0,C,350,C,274,C,1,C,103,C,44,C
GHCND:USC00050909,BRECKENRIDGE CO US,2920,39.4861,-106.043,20101206,0.04,C,0.9,C,0.08,C,1.6,C,0.19,C,3.2,C,0.28,S,4.8,C,19.23,S,155.4,C,347,C,158,C,9,C,0,C,351,C,273,C,1,C,103,C,44,C
GHCND:USC00050909,BRECKENRIDGE CO US,2920,39.4861,-106.043,20101207,0.04,C,0.9,C,0.08,C,1.6,C,0.19,C,3.2,C,0.33,S,5.6,C,19.28,S,156.2,C,348,C,158,C,9,C,0,C,351,C,272,C,1,C,102,C,43,C
GHCND:USC00050909,BRECKENRIDGE CO US,2920,39.4861,-106.043,20101208,0.03,C,0.9,C,0.08,C,1.5,C,0.19,C,3.2,C,0.38,S,6.4,C,19.33,S,157.0,C,349,C,158,C,9,C,1,C,352,C,271,C,1,C,102,C,43,C
GHCND:USC00050909,BRECKENRIDGE CO US,2920,39.4861,-106.043,20101209,0.03,C,0.9,C,0.08,C,1.5,C,0.19,C,3.2,C,0.43,S,7.3,C,19.38,S,157.8,C,349,C,158,C,9,C,1,C,353,C,270,C,1,C,101,C,43,C
GHCND:USC00050909,BRECKENRIDGE CO US,2920,39.4861,-106.043,20101210,0.03,C,0.9,C,0.08,C,1.5,C,0.19,C,3.1,C,0.48,S,8.1,C,19.43,S,158.7,C,350,C,158,C,9,C,1,C,353,C,269,C,1,C,101,C,42,C
GHCND:USC00050909,BRECKENRIDGE CO US,2920,39.4861,-106.043,20101211,0.03,C,0.9,C,0.08,C,1.5,C,0.19,C,3.1,C,0.53,S,8.9,C,19.48,S,159.5,C,351,C,159,C,9,C,1,C,354,C,268,C,1,C,100,C,42,C
GHCND:USC00050909,BRECKENRIDGE CO US,2920,39.4861,-106.043,20101212,0.03,C,0.9,C,0.08,C,1.5,C,0.19,C,3.1,C,0.58,S,9.7,C,19.53,S,160.3,C,351,C,159,C,10,C,1,C,354,C,267,C,1,C,99,C,41,C
GHCND:USC00050909,BRECKENRIDGE CO US,2920,39.4861,-106.043,20101213,0.03,C,0.9,C,0.08,C,1.5,C,0.19,C,3.1,C,0.63,S,10.5,C,19.58,S,161.1,C,352,C,159,C,10,C,1,C,354,C,266,C,1,C,98,C,41,C
GHCND:USC00050909,BRECKENRIDGE CO US,2920,39.4861,-106.043,20101214,0.03,C,0.9,C,0.08,C,1.5,C,0.19,C,3.1,C,0.68,S,11.3,C,19.63,S,161.9,C,352,C,159,C,10,C,1,C,355,C,266,C,1,C,98,C,40,C
GHCND:USC00050909,BRECKENRIDGE CO US,2920,39.4861,-106.043,20101215,0.03,C,0.9,C,0.08,C,1.5,C,0.19,C,3.1,C,0.73,S,12.1,C,19.68,S,162.6,C,352,C,159,C,10,C,1,C,355,C,265,C,1,C,97,C,40,C
GHCND:USC00050909,BRECKENRIDGE CO US,2920,39.4861,-106.043,20101216,0.03,C,0.9,C,0.08,C,1.5,C,0.19,C,3.0,C,0.78,S,12.8,C,19.73,S,163.4,C,352,C,159,C,11,C,1,C,354,C,265,C,1,C,96,C,39,C
GHCND:USC00050909,BRECKENRIDGE CO US,2920,39.4861,-106.043,20101217,0.03,C,0.9,C,0.08,C,1.5,C,0.19,C,3.0,C,0.82,S,13.6,C,19.77,S,164.2,C,352,C,159,C,11,C,1,C,354,C,264,C,1,C,95,C,39,C
GHCND:USC00050909,BRECKENRIDGE CO US,2920,39.4861,-106.043,20101218,0.03,C,0.9,C,0.08,C,1.5,C,0.19,C,3.0,C,0.87,S,14.4,C,19.82,S,165.0,C,352,C,159,C,11,C,1,C,354,C,264,C,1,C,94,C,38,C
GHCND:USC00050909,BRECKENRIDGE CO US,2920,39.4861,-106.043,20101219,0.03,C,0.9,C,0.08,C,1.5,C,0.19,C,3.0,C,0.92,S,15.2,C,19.87,S,165.8,C,352,C,159,C,12,C,1,C,354,C,264,C,1,C,94,C,38,C
GHCND:USC00050909,BRECKENRIDGE CO US,2920,39.4861,-106.043,20101220,0.03,C,0.9,C,0.08,C,1.5,C,0.19,C,3.0,C,0.97,S,16.0,C,19.92,S,166.6,C,352,C,159,C,12,C,1,C,354,C,263,C,1,C,93,C,37,C
GHCND:USC00050909,BRECKENRIDGE CO US,2920,39.4861,-106.043,20101221,0.03,C,0.9,C,0.08,C,1.5,C,0.19,C,3.0,C,1.02,S,16.8,C,19.97,S,167.4,C,352,C,158,C,12,C,1,C,353,C,262,C,1,C,93,C,37,C
GHCND:USC00050909,BRECKENRIDGE CO US,2920,39.4861,-106.043,20101222,0.03,C,0.9,C,0.08,C,1.5,C,0.19,C,3.0,C,1.06,S,17.6,C,20.01,S,168.2,C,351,C,157,C,12,C,1,C,353,C,262,C,1,C,92,C,37,C
GHCND:USC00050909,BRECKENRIDGE CO US,2920,39.4861,-106.043,20101223,0.03,C,0.9,C,0.08,C,1.5,C,0.19,C,3.0,C,1.11,S,18.4,C,20.06,S,169.0,C,351,C,156,C,12,C,1,C,352,C,261,C,1,C,92,C,36,C
GHCND:USC00050909,BRECKENRIDGE CO US,2920,39.4861,-106.043,20101224,0.03,C,0.9,C,0.07,C,1.5,C,0.19,C,3.0,C,1.16,S,19.2,C,20.11,S,169.8,C,350,C,155,C,13,C,1,C,351,C,261,C,1,C,91,C,36,C
GHCND:USC00050909,BRECKENRIDGE CO US,2920,39.4861,-106.043,20101225,0.03,C,0.9,C,0.07,C,1.5,C,0.19,C,3.0,C,1.21,S,20.0,C,20.16,S,170.6,C,349,C,155,C,13,C,1,C,350,C,260,C,1,C,91,C,35,C
GHCND:USC00050909,BRECKENRIDGE CO US,2920,39.4861,-106.043,20101226,0.03,C,0.9,C,0.07,C,1.5,C,0.18,C,3.0,C,1.25,S,20.7,C,20.20,S,171.3,C,349,C,154,C,12,C,1,C,350,C,260,C,1,C,91,C,34,C
GHCND:USC00050909,BRECKENRIDGE CO US,2920,39.4861,-106.043,20101227,0.03,C,0.9,C,0.07,C,1.5,C,0.18,C,3.0,C,1.30,S,21.5,C,20.25,S,172.1,C,349,C,153,C,12,C,1,C,350,C,260,C,1,C,90,C,34,C
GHCND:USC00050909,BRECKENRIDGE CO US,2920,39.4861,-106.043,20101228,0.03,C,0.9,C,0.07,C,1.5,C,0.18,C,3.0,C,1.34,S,22.3,C,20.29,S,172.8,C,349,C,153,C,12,C,1,C,349,C,260,C,1,C,90,C,33,C
GHCND:USC00050909,BRECKENRIDGE CO US,2920,39.4861,-106.043,20101229,0.03,C,0.9,C,0.07,C,1.5,C,0.18,C,3.0,C,1.39,S,23.0,C,20.34,S,173.6,C,349,C,153,C,12,C,1,C,350,C,260,C,1,C,90,C,33,C
GHCND:USC00050909,BRECKENRIDGE CO US,2920,39.4861,-106.043,20101230,0.03,C,0.9,C,0.07,C,1.5,C,0.18,C,3.0,C,1.44,S,23.8,C,20.39,S,174.3,C,350,C,152,C,12,C,1,C,350,C,261,C,1,C,90,C,33,C
GHCND:USC00050909,BRECKENRIDGE CO US,2920,39.4861,-106.043,20101231,0.03,C,0.9,C,0.07,C,1.5,C,0.18,C,3.0,C,1.48,S,24.5,C,20.43,S,175.1,C,350,C,152,C,12,C,1,C,350,C,262,C,1,C,91,C,32,C
